{
  "name": "Extra steps",
  "form": "b62e2726-85c0-42b1-b49a-7705c9f181bb",
  "blocks": [
    {
      "id": "eb43ed39-a53e-44b5-a5c3-017823f62b2b",
      "endpoint": "Cherwell",
      "label": "Cherwell - Create Incident",
      "environment": "HOSTED",
      "presentation": "{\"w\":60,\"x\":220,\"h\":60,\"y\":40}",
      "step": "4eea3e41-87d3-48b3-8fba-46b2443f51ab",
      "stepType": "SCRIPT_STEP",
      "inputMappings": [
        {
          "inputPort": "input",
          "mapping": "A family of raccoons have moved into the datacenter. They are actually really good at laying cable. ",
          "stepInput": "db2f16bc-cb9b-4d8c-8795-8cb25da1353b"
        },
        {
          "inputPort": "input",
          "mapping": "1st Level Support",
          "stepInput": "74ee57fb-494f-4859-b878-0e3d227a0dbe"
        },
        {
          "inputPort": "input",
          "mapping": "1",
          "stepInput": "7f9b375a-bb6c-4ea6-bfb1-1b9604c8f0e3"
        },
        {
          "inputPort": "input",
          "mapping": "Shelly Marwick",
          "stepInput": "ca8fb622-1e7d-4959-8bb6-fc07269c8a05"
        },
        {
          "inputPort": "input",
          "mapping": "Enterprise Apps",
          "stepInput": "3d0fe86f-3ef3-42cb-80e1-497204dc2f54"
        },
        {
          "inputPort": "input",
          "mapping": "Accounting System",
          "stepInput": "9275212c-2970-4c4e-8fa0-1d1cc901e4ae"
        },
        {
          "inputPort": "input",
          "mapping": "Submit Incident",
          "stepInput": "4b212452-43ac-4465-83d6-0bb989f72a85"
        },
        {
          "inputPort": "input",
          "mapping": "Event",
          "stepInput": "2880a578-aace-4c38-a5bf-55d51d6c233c"
        }
      ]
    },
    {
      "id": "230dd00d-c4c8-42c2-8e94-93adc151ac70",
      "label": "Extra steps - Do Nothing Trigger",
      "environment": "HOSTED",
      "presentation": "{\"w\":60,\"x\":0,\"h\":60,\"y\":40}",
      "step": "906b8d9e-b05a-40d6-b66c-1df4ebb97875",
      "stepType": "INTEGRATION"
    }
  ],
  "edges": [
    {
      "fromBlock": "230dd00d-c4c8-42c2-8e94-93adc151ac70",
      "fromPort": "output",
      "toBlock": "eb43ed39-a53e-44b5-a5c3-017823f62b2b",
      "toPort": "input"
    }
  ]
}