{
  "name": "Incident",
  "description": "Some kind of change to the incident that should send notifications.",
  "form": "f8c98486-b178-49df-8457-f964e186ed70",
  "blocks": [
    {
      "id": "0879999c-d49c-477b-ac80-aba56aec952d",
      "label": "Assigned to a Group?",
      "environment": "HOSTED",
      "presentation": "{\"w\":60,\"x\":220,\"h\":60,\"y\":55}",
      "stepType": "SWITCH",
      "inputMappings": [
        {
          "inputPort": "input",
          "mapping": "${e41dc10e-f503-44a2-b0a3-ba836021db1d.targetIsGroup}"
        }
      ],
      "switchCases": [
        {
          "caseId": "1d03e233-25c1-4605-9bdb-52dde48bef49",
          "caseValue": "YES"
        }
      ]
    },
    {
      "id": "46bad6f5-389d-404f-a154-63c5791de01e",
      "label": "Create Event - Assigned Group",
      "environment": "HOSTED",
      "presentation": "{\"w\":60,\"x\":440,\"h\":60,\"y\":190}",
      "step": "f98cbae8-63ac-4ae2-872c-54f3f6ab7eda",
      "stepType": "CREATE_EVENT",
      "inputMappings": [
        {
          "inputPort": "input",
          "mapping": "${e41dc10e-f503-44a2-b0a3-ba836021db1d.Incident ID}",
          "sectionItemKey": "5a55a484-7436-422a-9aae-521d94d7bfd5"
        },
        {
          "inputPort": "input",
          "mapping": "${e41dc10e-f503-44a2-b0a3-ba836021db1d.Description}",
          "sectionItemKey": "6256a16b-fda0-4681-8b14-606118dd382b"
        },
        {
          "inputPort": "input",
          "mapping": "${e41dc10e-f503-44a2-b0a3-ba836021db1d.Assigned Team}",
          "sectionItemKey": "c4725f4c-9e40-448d-b1ce-98112d60ca8d"
        },
        {
          "inputPort": "input",
          "mapping": "${e41dc10e-f503-44a2-b0a3-ba836021db1d.RecID}",
          "sectionItemKey": "6813c426-a3d1-4901-b36a-ca566e367995"
        },
        {
          "inputPort": "input",
          "mapping": "${e41dc10e-f503-44a2-b0a3-ba836021db1d.Priority}",
          "sectionItemKey": "dcd65681-b5ad-464b-b2b7-c57274c0bc3f"
        },
        {
          "inputPort": "input",
          "mapping": "${e41dc10e-f503-44a2-b0a3-ba836021db1d.Status}",
          "sectionItemKey": "c87cb1d6-e851-4e16-af07-e22a0f3fd015"
        },
        {
          "inputPort": "input",
          "mapping": "${e41dc10e-f503-44a2-b0a3-ba836021db1d.Assigned To}",
          "sectionItemKey": "1d355170-0d2c-43a8-8f77-d7a9dd235227"
        },
        {
          "inputPort": "input",
          "mapping": "${e41dc10e-f503-44a2-b0a3-ba836021db1d.Type ID}",
          "sectionItemKey": "4c232868-676e-4369-9eed-2cc24fade1bd"
        },
        {
          "inputPort": "input",
          "mapping": "${e41dc10e-f503-44a2-b0a3-ba836021db1d.Assigned Team}",
          "sectionItemKey": "recipients"
        },
        {
          "inputPort": "input",
          "mapping": "${e41dc10e-f503-44a2-b0a3-ba836021db1d.Incident ID}",
          "sectionItemKey": "incident"
        }
      ]
    },
    {
      "id": "646cb623-89f4-473a-9a0e-c91f3051b90b",
      "label": "Create Event - Assigned To",
      "environment": "HOSTED",
      "presentation": "{\"w\":60,\"x\":660,\"h\":60,\"y\":340}",
      "step": "9b17650a-09c1-4fcd-bc52-a32ea1b765d0",
      "stepType": "CREATE_EVENT",
      "inputMappings": [
        {
          "inputPort": "input",
          "mapping": "${088352d6-4be7-48f4-b84d-487b77306355.targetName}",
          "sectionItemKey": "recipients"
        },
        {
          "inputPort": "input",
          "mapping": "${e41dc10e-f503-44a2-b0a3-ba836021db1d.Type ID}",
          "sectionItemKey": "4c232868-676e-4369-9eed-2cc24fade1bd"
        },
        {
          "inputPort": "input",
          "mapping": "${e41dc10e-f503-44a2-b0a3-ba836021db1d.Status}",
          "sectionItemKey": "c87cb1d6-e851-4e16-af07-e22a0f3fd015"
        },
        {
          "inputPort": "input",
          "mapping": "${e41dc10e-f503-44a2-b0a3-ba836021db1d.Assigned To}",
          "sectionItemKey": "1d355170-0d2c-43a8-8f77-d7a9dd235227"
        },
        {
          "inputPort": "input",
          "mapping": "${e41dc10e-f503-44a2-b0a3-ba836021db1d.RecID}",
          "sectionItemKey": "6813c426-a3d1-4901-b36a-ca566e367995"
        },
        {
          "inputPort": "input",
          "mapping": "${e41dc10e-f503-44a2-b0a3-ba836021db1d.Description}",
          "sectionItemKey": "6256a16b-fda0-4681-8b14-606118dd382b"
        },
        {
          "inputPort": "input",
          "mapping": "${e41dc10e-f503-44a2-b0a3-ba836021db1d.Assigned Team}",
          "sectionItemKey": "c4725f4c-9e40-448d-b1ce-98112d60ca8d"
        },
        {
          "inputPort": "input",
          "mapping": "${e41dc10e-f503-44a2-b0a3-ba836021db1d.Incident ID}",
          "sectionItemKey": "5a55a484-7436-422a-9aae-521d94d7bfd5"
        },
        {
          "inputPort": "input",
          "mapping": "${e41dc10e-f503-44a2-b0a3-ba836021db1d.Incident ID}",
          "sectionItemKey": "incident"
        },
        {
          "inputPort": "input",
          "mapping": "${e41dc10e-f503-44a2-b0a3-ba836021db1d.Priority}",
          "sectionItemKey": "dcd65681-b5ad-464b-b2b7-c57274c0bc3f"
        }
      ]
    },
    {
      "id": "e41dc10e-f503-44a2-b0a3-ba836021db1d",
      "label": "Inbound from Cherwell",
      "environment": "HOSTED",
      "presentation": "{\"w\":60,\"x\":0,\"h\":60,\"y\":40}",
      "step": "95f6145f-7cf9-45e0-864e-517b75149405",
      "stepType": "INTEGRATION"
    },
    {
      "id": "088352d6-4be7-48f4-b84d-487b77306355",
      "label": "xMatters - Get Person by Full Name",
      "environment": "HOSTED",
      "presentation": "{\"w\":60,\"x\":440,\"h\":60,\"y\":340}",
      "step": "c3eb4585-2e07-4105-8792-0ea5fc2f668f",
      "stepType": "SCRIPT_STEP",
      "inputMappings": [
        {
          "inputPort": "input",
          "mapping": "${e41dc10e-f503-44a2-b0a3-ba836021db1d.Assigned To}",
          "stepInput": "fa729c90-903f-4029-8569-09a6482f58da"
        }
      ]
    }
  ],
  "edges": [
    {
      "fromBlock": "e41dc10e-f503-44a2-b0a3-ba836021db1d",
      "fromPort": "output",
      "toBlock": "0879999c-d49c-477b-ac80-aba56aec952d",
      "toPort": "input"
    },
    {
      "fromBlock": "0879999c-d49c-477b-ac80-aba56aec952d",
      "fromPort": "output",
      "toBlock": "088352d6-4be7-48f4-b84d-487b77306355",
      "toPort": "input"
    },
    {
      "fromBlock": "0879999c-d49c-477b-ac80-aba56aec952d",
      "fromPort": "1d03e233-25c1-4605-9bdb-52dde48bef49",
      "toBlock": "46bad6f5-389d-404f-a154-63c5791de01e",
      "toPort": "input"
    },
    {
      "fromBlock": "088352d6-4be7-48f4-b84d-487b77306355",
      "fromPort": "output",
      "toBlock": "646cb623-89f4-473a-9a0e-c91f3051b90b",
      "toPort": "input"
    }
  ]
}