{
  "name": "Incident - Assigned Group",
  "form": "f98cbae8-63ac-4ae2-872c-54f3f6ab7eda",
  "blocks": [
    {
      "id": "d94556d4-a90d-477e-9c54-e846f5e38f90",
      "label": "Assign to Me",
      "environment": "HOSTED",
      "presentation": "{}",
      "step": "e157cd05-efc5-4b96-bca5-0285f82cb532",
      "stepType": "INTEGRATION"
    },
    {
      "id": "842f394a-6fd5-4900-a73a-de1a5124d332",
      "endpoint": "Cherwell",
      "label": "Cherwell - Annotate Object",
      "environment": "HOSTED",
      "presentation": "{\"w\":60,\"x\":440,\"h\":60,\"y\":538}",
      "step": "f56b8024-c2ef-49df-a7d5-a963d9f0ddef",
      "stepType": "SCRIPT_STEP",
      "inputMappings": [
        {
          "inputPort": "input",
          "mapping": "${event.properties.RecID}",
          "stepInput": "e0f91d76-981a-466e-a797-4e169a58814e"
        },
        {
          "inputPort": "input",
          "mapping": "Incident",
          "stepInput": "4da57c2e-d04e-4a9e-a890-3f529ef228a7"
        },
        {
          "inputPort": "input",
          "mapping": "${triggerOutputRESPONSE.respondedTo.by.firstName} ${triggerOutputRESPONSE.respondedTo.by.lastName} responded with ${triggerOutputRESPONSE.response.response} on their ${triggerOutputRESPONSE.response.deviceName} device to xMatters event ${event.eventId}",
          "stepInput": "39192f0c-4d55-4fa7-a6de-47006e57837c"
        },
        {
          "inputPort": "input",
          "mapping": "Journal - Note",
          "stepInput": "4edc5667-3f25-4742-8355-f69bb49ef37b"
        }
      ]
    },
    {
      "id": "f6b2e633-6d82-438e-8a75-b98235e72690",
      "endpoint": "Cherwell",
      "label": "Cherwell - Annotate Object",
      "environment": "HOSTED",
      "presentation": "{\"w\":60,\"x\":220,\"h\":60,\"y\":40}",
      "step": "f56b8024-c2ef-49df-a7d5-a963d9f0ddef",
      "stepType": "SCRIPT_STEP",
      "inputMappings": [
        {
          "inputPort": "input",
          "mapping": "${event.properties.RecID}",
          "stepInput": "e0f91d76-981a-466e-a797-4e169a58814e"
        },
        {
          "inputPort": "input",
          "mapping": "Incident",
          "stepInput": "4da57c2e-d04e-4a9e-a890-3f529ef228a7"
        },
        {
          "inputPort": "input",
          "mapping": "xMatters event ${event.eventId} status updated to ${event.status}",
          "stepInput": "39192f0c-4d55-4fa7-a6de-47006e57837c"
        },
        {
          "inputPort": "input",
          "mapping": "Journal - Note",
          "stepInput": "4edc5667-3f25-4742-8355-f69bb49ef37b"
        }
      ]
    },
    {
      "id": "c241c79c-3042-4bcf-96f9-947a8003f6e3",
      "endpoint": "Cherwell",
      "label": "Cherwell - Assign Incident",
      "environment": "HOSTED",
      "presentation": "{\"w\":60,\"x\":220,\"h\":60,\"y\":416}",
      "step": "971e6857-a71c-42ad-a1dd-92103d30872f",
      "stepType": "SCRIPT_STEP",
      "inputMappings": [
        {
          "inputPort": "input",
          "mapping": "${event.properties.Type ID}",
          "stepInput": "cae99fe8-6d19-4317-a9cd-b4ca8f54b489"
        },
        {
          "inputPort": "input",
          "mapping": "${event.properties.RecID}",
          "stepInput": "ff87cbbd-118f-42a4-9002-a78fc6a1b5b5"
        },
        {
          "inputPort": "input",
          "mapping": "${event.properties.Incident ID}",
          "stepInput": "030f0a58-a1ab-4821-a6db-bf3d19946cb3"
        },
        {
          "inputPort": "input",
          "mapping": "${event.properties.Assigned Team}",
          "stepInput": "132ba285-7e75-45a1-99fd-2d31eaf15b29"
        },
        {
          "inputPort": "input",
          "mapping": "${triggerOutputRESPONSE.respondedTo.by.firstName} ${triggerOutputRESPONSE.respondedTo.by.lastName}",
          "stepInput": "3af5d257-4947-4fd9-a46e-1359f30376a6"
        },
        {
          "inputPort": "input",
          "mapping": "In Progress",
          "stepInput": "66a6fd7c-339a-4864-b728-d5b68fea00cd"
        }
      ]
    },
    {
      "id": "bf4cfb7e-5058-4f05-8b54-e3e3b2a471e8",
      "label": "Escalate",
      "environment": "HOSTED",
      "presentation": "{}",
      "step": "59f374f9-b506-4e23-834b-c5f653a4e5d2",
      "stepType": "INTEGRATION"
    },
    {
      "id": "489bcecf-ffe3-49d1-80f0-657974183dcc",
      "label": "New Incident - Group - Event Status Updates",
      "environment": "HOSTED",
      "presentation": "{\"w\":60,\"x\":0,\"h\":60,\"y\":40}",
      "step": "54517d3f-09d7-44bc-952f-ab7a0a14204e",
      "stepType": "INTEGRATION"
    },
    {
      "id": "e322cee3-f61b-4026-8715-5d1ae4b9833c",
      "label": "Responses",
      "environment": "HOSTED",
      "presentation": "{\"w\":100,\"x\":0,\"h\":50,\"y\":260}",
      "stepType": "RESPONSES"
    }
  ],
  "edges": [
    {
      "fromBlock": "bf4cfb7e-5058-4f05-8b54-e3e3b2a471e8",
      "fromPort": "output",
      "toBlock": "842f394a-6fd5-4900-a73a-de1a5124d332",
      "toPort": "input"
    },
    {
      "fromBlock": "c241c79c-3042-4bcf-96f9-947a8003f6e3",
      "fromPort": "output",
      "toBlock": "842f394a-6fd5-4900-a73a-de1a5124d332",
      "toPort": "input"
    },
    {
      "fromBlock": "d94556d4-a90d-477e-9c54-e846f5e38f90",
      "fromPort": "output",
      "toBlock": "c241c79c-3042-4bcf-96f9-947a8003f6e3",
      "toPort": "input"
    },
    {
      "fromBlock": "489bcecf-ffe3-49d1-80f0-657974183dcc",
      "fromPort": "output",
      "toBlock": "f6b2e633-6d82-438e-8a75-b98235e72690",
      "toPort": "input"
    }
  ]
}