{
  "name": "Incident",
  "description": "Some kind of change to the incident that should send notifications.",
  "form": "24129cce-2c78-465c-a10c-25ed7f612468",
  "blocks": [
    {
      "id": "3358c946-c883-4699-a17f-15b2805935e6",
      "label": "Assigned to a Group?",
      "environment": "HOSTED",
      "presentation": "{\"w\":60,\"x\":220,\"h\":60,\"y\":55}",
      "stepType": "SWITCH",
      "inputMappings": [
        {
          "inputPort": "input",
          "mapping": "${5a9b226f-8a5d-4c24-acdd-f07bebfd5b28.targetIsGroup}"
        }
      ],
      "switchCases": [
        {
          "caseId": "e58c3dba-0fcc-402d-acaa-247fbbfd077d",
          "caseValue": "YES"
        }
      ]
    },
    {
      "id": "2cc112e4-c5f1-4594-aa9c-84c6a8a7aff4",
      "label": "Create Event - Assigned Group",
      "environment": "HOSTED",
      "presentation": "{\"w\":60,\"x\":440,\"h\":60,\"y\":190}",
      "step": "ec4c3e16-6d23-403f-b349-b859f34bca20",
      "stepType": "CREATE_EVENT",
      "inputMappings": [
        {
          "inputPort": "input",
          "mapping": "${5a9b226f-8a5d-4c24-acdd-f07bebfd5b28.Priority}",
          "sectionItemKey": "54c55579-aa43-43d2-bc35-45359df2efb2"
        },
        {
          "inputPort": "input",
          "mapping": "${5a9b226f-8a5d-4c24-acdd-f07bebfd5b28.Type ID}",
          "sectionItemKey": "2033d22b-b199-486f-a801-5f600466ed35"
        },
        {
          "inputPort": "input",
          "mapping": "${5a9b226f-8a5d-4c24-acdd-f07bebfd5b28.Assigned Team}",
          "sectionItemKey": "0f9f096b-76b5-4d91-a968-4ae2e991c905"
        },
        {
          "inputPort": "input",
          "mapping": "${5a9b226f-8a5d-4c24-acdd-f07bebfd5b28.Incident ID}",
          "sectionItemKey": "incident"
        },
        {
          "inputPort": "input",
          "mapping": "${5a9b226f-8a5d-4c24-acdd-f07bebfd5b28.Assigned To}",
          "sectionItemKey": "7e492c0f-5959-48c4-be71-856394e1ab88"
        },
        {
          "inputPort": "input",
          "mapping": "${5a9b226f-8a5d-4c24-acdd-f07bebfd5b28.RecID}",
          "sectionItemKey": "40081467-5370-4119-a676-fdcd74fc993b"
        },
        {
          "inputPort": "input",
          "mapping": "${5a9b226f-8a5d-4c24-acdd-f07bebfd5b28.Incident ID}",
          "sectionItemKey": "bcd088e3-25bb-4f55-85b1-93142597ea02"
        },
        {
          "inputPort": "input",
          "mapping": "${5a9b226f-8a5d-4c24-acdd-f07bebfd5b28.Description}",
          "sectionItemKey": "b8abd56b-8266-4a2d-97ce-1989ed45d839"
        },
        {
          "inputPort": "input",
          "mapping": "${5a9b226f-8a5d-4c24-acdd-f07bebfd5b28.Status}",
          "sectionItemKey": "48caac39-4caf-4945-89b4-4f47234c5f78"
        },
        {
          "inputPort": "input",
          "mapping": "${5a9b226f-8a5d-4c24-acdd-f07bebfd5b28.Assigned Team}",
          "sectionItemKey": "recipients"
        }
      ]
    },
    {
      "id": "83659f56-641a-4c36-8c36-204140764570",
      "label": "Create Event - Assigned To",
      "environment": "HOSTED",
      "presentation": "{\"w\":60,\"x\":660,\"h\":60,\"y\":340}",
      "step": "2389cd8f-3aed-4056-86ec-4da3ed7e0c84",
      "stepType": "CREATE_EVENT",
      "inputMappings": [
        {
          "inputPort": "input",
          "mapping": "${5a9b226f-8a5d-4c24-acdd-f07bebfd5b28.Incident ID}",
          "sectionItemKey": "bcd088e3-25bb-4f55-85b1-93142597ea02"
        },
        {
          "inputPort": "input",
          "mapping": "${5a9b226f-8a5d-4c24-acdd-f07bebfd5b28.Assigned Team}",
          "sectionItemKey": "0f9f096b-76b5-4d91-a968-4ae2e991c905"
        },
        {
          "inputPort": "input",
          "mapping": "${5a9b226f-8a5d-4c24-acdd-f07bebfd5b28.RecID}",
          "sectionItemKey": "40081467-5370-4119-a676-fdcd74fc993b"
        },
        {
          "inputPort": "input",
          "mapping": "${e4dd74da-f1ae-4bd8-899f-ecdb0b8aac42.targetName}",
          "sectionItemKey": "recipients"
        },
        {
          "inputPort": "input",
          "mapping": "${5a9b226f-8a5d-4c24-acdd-f07bebfd5b28.Type ID}",
          "sectionItemKey": "2033d22b-b199-486f-a801-5f600466ed35"
        },
        {
          "inputPort": "input",
          "mapping": "${5a9b226f-8a5d-4c24-acdd-f07bebfd5b28.Status}",
          "sectionItemKey": "48caac39-4caf-4945-89b4-4f47234c5f78"
        },
        {
          "inputPort": "input",
          "mapping": "${5a9b226f-8a5d-4c24-acdd-f07bebfd5b28.Priority}",
          "sectionItemKey": "54c55579-aa43-43d2-bc35-45359df2efb2"
        },
        {
          "inputPort": "input",
          "mapping": "${5a9b226f-8a5d-4c24-acdd-f07bebfd5b28.Assigned To}",
          "sectionItemKey": "7e492c0f-5959-48c4-be71-856394e1ab88"
        },
        {
          "inputPort": "input",
          "mapping": "${5a9b226f-8a5d-4c24-acdd-f07bebfd5b28.Description}",
          "sectionItemKey": "b8abd56b-8266-4a2d-97ce-1989ed45d839"
        },
        {
          "inputPort": "input",
          "mapping": "${5a9b226f-8a5d-4c24-acdd-f07bebfd5b28.Incident ID}",
          "sectionItemKey": "incident"
        }
      ]
    },
    {
      "id": "5a9b226f-8a5d-4c24-acdd-f07bebfd5b28",
      "label": "Inbound from Cherwell",
      "environment": "HOSTED",
      "presentation": "{\"w\":60,\"x\":0,\"h\":60,\"y\":40}",
      "step": "40e358d1-e333-427e-92d9-ffd16ed14ce0",
      "stepType": "INTEGRATION"
    },
    {
      "id": "e4dd74da-f1ae-4bd8-899f-ecdb0b8aac42",
      "label": "xMatters - Get Person by Full Name",
      "environment": "HOSTED",
      "presentation": "{\"w\":60,\"x\":440,\"h\":60,\"y\":340}",
      "step": "298b8129-fe1e-490b-9ff2-61ff0305801b",
      "stepType": "SCRIPT_STEP",
      "inputMappings": [
        {
          "inputPort": "input",
          "mapping": "${5a9b226f-8a5d-4c24-acdd-f07bebfd5b28.Assigned To}",
          "stepInput": "6a02dc4d-3117-4ead-b788-910a88edfeec"
        }
      ]
    }
  ],
  "edges": [
    {
      "fromBlock": "e4dd74da-f1ae-4bd8-899f-ecdb0b8aac42",
      "fromPort": "output",
      "toBlock": "83659f56-641a-4c36-8c36-204140764570",
      "toPort": "input"
    },
    {
      "fromBlock": "3358c946-c883-4699-a17f-15b2805935e6",
      "fromPort": "output",
      "toBlock": "e4dd74da-f1ae-4bd8-899f-ecdb0b8aac42",
      "toPort": "input"
    },
    {
      "fromBlock": "3358c946-c883-4699-a17f-15b2805935e6",
      "fromPort": "e58c3dba-0fcc-402d-acaa-247fbbfd077d",
      "toBlock": "2cc112e4-c5f1-4594-aa9c-84c6a8a7aff4",
      "toPort": "input"
    },
    {
      "fromBlock": "5a9b226f-8a5d-4c24-acdd-f07bebfd5b28",
      "fromPort": "output",
      "toBlock": "3358c946-c883-4699-a17f-15b2805935e6",
      "toPort": "input"
    }
  ]
}