{
  "name": "Incident - Assigned To",
  "description": "",
  "form": "2389cd8f-3aed-4056-86ec-4da3ed7e0c84",
  "blocks": [
    {
      "id": "51031dc9-8067-4e04-961c-ed89615fb8b1",
      "label": "Accept",
      "environment": "HOSTED",
      "presentation": "{}",
      "step": "785d14f5-6b4e-429f-bf5a-f81de4010c74",
      "stepType": "INTEGRATION"
    },
    {
      "id": "8d42a8a0-5a7e-41e6-8c77-3e41c6053c5c",
      "endpoint": "Cherwell",
      "label": "Cherwell - Annotate Object",
      "environment": "HOSTED",
      "presentation": "{\"w\":60,\"x\":220,\"h\":60,\"y\":40}",
      "step": "4026a7e4-bb48-4da4-a06f-9596c3325ff3",
      "stepType": "SCRIPT_STEP",
      "inputMappings": [
        {
          "inputPort": "input",
          "mapping": "${event.properties.RecID}",
          "stepInput": "1317ef87-7f17-4f55-9b82-e494c204ccc7"
        },
        {
          "inputPort": "input",
          "mapping": "Incident",
          "stepInput": "9a3f97b5-7524-4db5-928b-0f527b01da0a"
        },
        {
          "inputPort": "input",
          "mapping": "xMatters event ${event.eventId} status updated to ${event.status}",
          "stepInput": "0964b4f5-c95b-44a4-81ce-9f742043b433"
        },
        {
          "inputPort": "input",
          "mapping": "Journal - Note",
          "stepInput": "a126029e-7c1b-4560-b526-39b4016ea81f"
        }
      ]
    },
    {
      "id": "f5988d0c-4ef3-4f5b-87ba-cfaa1ce2486e",
      "endpoint": "Cherwell",
      "label": "Cherwell - Annotate Object",
      "environment": "HOSTED",
      "presentation": "{\"w\":60,\"x\":220,\"h\":60,\"y\":572}",
      "step": "4026a7e4-bb48-4da4-a06f-9596c3325ff3",
      "stepType": "SCRIPT_STEP",
      "inputMappings": [
        {
          "inputPort": "input",
          "mapping": "${event.properties.RecID}",
          "stepInput": "1317ef87-7f17-4f55-9b82-e494c204ccc7"
        },
        {
          "inputPort": "input",
          "mapping": "Incident",
          "stepInput": "9a3f97b5-7524-4db5-928b-0f527b01da0a"
        },
        {
          "inputPort": "input",
          "mapping": "${triggerOutputRESPONSE.respondedTo.by.firstName} ${triggerOutputRESPONSE.respondedTo.by.lastName} responded with ${triggerOutputRESPONSE.response.response} on their device ${triggerOutputRESPONSE.response.deviceName} to xMatters event ${event.eventId}",
          "stepInput": "0964b4f5-c95b-44a4-81ce-9f742043b433"
        },
        {
          "inputPort": "input",
          "mapping": "Journal - Note",
          "stepInput": "a126029e-7c1b-4560-b526-39b4016ea81f"
        }
      ]
    },
    {
      "id": "5386f24e-49a7-4cb0-a452-940e04d1896a",
      "label": "Escalate",
      "environment": "HOSTED",
      "presentation": "{}",
      "step": "c69a88f7-1fe6-4bdd-b453-f7d72f45cdcc",
      "stepType": "INTEGRATION"
    },
    {
      "id": "ea79dcca-f637-4d62-b8cc-505d8fe2d733",
      "label": "New Incident - Assignee - Event Status Updates",
      "environment": "HOSTED",
      "presentation": "{\"w\":60,\"x\":0,\"h\":60,\"y\":40}",
      "step": "64a5978c-ec6e-4c6e-b2aa-b01af81cb428",
      "stepType": "INTEGRATION"
    },
    {
      "id": "bda6efb5-4766-4251-a62a-f66e0dc8251d",
      "label": "Responses",
      "environment": "HOSTED",
      "presentation": "{\"w\":100,\"x\":0,\"h\":50,\"y\":260}",
      "stepType": "RESPONSES"
    }
  ],
  "edges": [
    {
      "fromBlock": "ea79dcca-f637-4d62-b8cc-505d8fe2d733",
      "fromPort": "output",
      "toBlock": "8d42a8a0-5a7e-41e6-8c77-3e41c6053c5c",
      "toPort": "input"
    },
    {
      "fromBlock": "51031dc9-8067-4e04-961c-ed89615fb8b1",
      "fromPort": "output",
      "toBlock": "f5988d0c-4ef3-4f5b-87ba-cfaa1ce2486e",
      "toPort": "input"
    },
    {
      "fromBlock": "5386f24e-49a7-4cb0-a452-940e04d1896a",
      "fromPort": "output",
      "toBlock": "f5988d0c-4ef3-4f5b-87ba-cfaa1ce2486e",
      "toPort": "input"
    }
  ]
}