{
  "name": "Incident",
  "description": "Some kind of change to the incident that should send notifications.",
  "form": "157659f4-d142-4e07-861f-0c0dd8294c53",
  "blocks": [
    {
      "id": "e137e21c-734e-4c46-bd37-99a2f427e6e9",
      "label": "Assigned to a Group?",
      "environment": "HOSTED",
      "presentation": "{\"w\":60,\"x\":220,\"h\":60,\"y\":55}",
      "stepType": "SWITCH",
      "inputMappings": [
        {
          "inputPort": "input",
          "mapping": "${6ac268bb-aa08-46eb-892b-75f6e9d4058e.targetIsGroup}"
        }
      ],
      "switchCases": [
        {
          "caseId": "53491a23-ae31-44d2-9a2d-063b23010f44",
          "caseValue": "YES"
        }
      ]
    },
    {
      "id": "063a5932-2b12-43f9-aadb-2a4d9fe57a2b",
      "label": "Create Event - Assigned Group",
      "environment": "HOSTED",
      "presentation": "{\"w\":60,\"x\":440,\"h\":60,\"y\":190}",
      "step": "c11cb308-a99d-4b40-ab74-b53494054f0d",
      "stepType": "CREATE_EVENT",
      "inputMappings": [
        {
          "inputPort": "input",
          "mapping": "${6ac268bb-aa08-46eb-892b-75f6e9d4058e.Type ID}",
          "sectionItemKey": "483d5a43-a340-4be5-8979-9902b0fc01bb"
        },
        {
          "inputPort": "input",
          "mapping": "${6ac268bb-aa08-46eb-892b-75f6e9d4058e.Priority}",
          "sectionItemKey": "bb1e728f-3e25-45d9-997f-23f11fbd1178"
        },
        {
          "inputPort": "input",
          "mapping": "${6ac268bb-aa08-46eb-892b-75f6e9d4058e.Incident ID}",
          "sectionItemKey": "incident"
        },
        {
          "inputPort": "input",
          "mapping": "${constants.Cherwell Host}",
          "sectionItemKey": "02309d6e-9294-4437-bfb6-85e8b54079e1"
        },
        {
          "inputPort": "input",
          "mapping": "${6ac268bb-aa08-46eb-892b-75f6e9d4058e.Incident ID}",
          "sectionItemKey": "b3657bae-c521-4767-9075-5f9f2f372f39"
        },
        {
          "inputPort": "input",
          "mapping": "${6ac268bb-aa08-46eb-892b-75f6e9d4058e.Description}",
          "sectionItemKey": "f8688d2c-c5a9-4493-8e99-d6a9c0e29b34"
        },
        {
          "inputPort": "input",
          "mapping": "${6ac268bb-aa08-46eb-892b-75f6e9d4058e.Assigned To}",
          "sectionItemKey": "4ca3b248-1585-4d8b-b4a9-2a3e7ca4a562"
        },
        {
          "inputPort": "input",
          "mapping": "${6ac268bb-aa08-46eb-892b-75f6e9d4058e.RecID}",
          "sectionItemKey": "15badba4-2379-4bc9-a8e0-2c56037315d8"
        },
        {
          "inputPort": "input",
          "mapping": "${6ac268bb-aa08-46eb-892b-75f6e9d4058e.Assigned Team}",
          "sectionItemKey": "recipients"
        },
        {
          "inputPort": "input",
          "mapping": "${6ac268bb-aa08-46eb-892b-75f6e9d4058e.Assigned Team}",
          "sectionItemKey": "9631bf6c-b424-4b35-bf30-60c711417432"
        },
        {
          "inputPort": "input",
          "mapping": "${6ac268bb-aa08-46eb-892b-75f6e9d4058e.Status}",
          "sectionItemKey": "b72e3f26-e7da-4930-9700-b607060f8af8"
        }
      ]
    },
    {
      "id": "49b9e7e8-86ef-4ee6-808a-a2209bd61d07",
      "label": "Create Event - Assigned To",
      "environment": "HOSTED",
      "presentation": "{\"w\":60,\"x\":660,\"h\":60,\"y\":340}",
      "step": "028764b1-c216-496e-8d98-163bca2aec41",
      "stepType": "CREATE_EVENT",
      "inputMappings": [
        {
          "inputPort": "input",
          "mapping": "${6ac268bb-aa08-46eb-892b-75f6e9d4058e.Incident ID}",
          "sectionItemKey": "incident"
        },
        {
          "inputPort": "input",
          "mapping": "${constants.Cherwell Host}",
          "sectionItemKey": "02309d6e-9294-4437-bfb6-85e8b54079e1"
        },
        {
          "inputPort": "input",
          "mapping": "${6ac268bb-aa08-46eb-892b-75f6e9d4058e.Status}",
          "sectionItemKey": "b72e3f26-e7da-4930-9700-b607060f8af8"
        },
        {
          "inputPort": "input",
          "mapping": "${6ac268bb-aa08-46eb-892b-75f6e9d4058e.Assigned To}",
          "sectionItemKey": "4ca3b248-1585-4d8b-b4a9-2a3e7ca4a562"
        },
        {
          "inputPort": "input",
          "mapping": "${6ac268bb-aa08-46eb-892b-75f6e9d4058e.Priority}",
          "sectionItemKey": "bb1e728f-3e25-45d9-997f-23f11fbd1178"
        },
        {
          "inputPort": "input",
          "mapping": "${28add997-47a6-406e-a207-899e2dc6642e.targetName}",
          "sectionItemKey": "recipients"
        },
        {
          "inputPort": "input",
          "mapping": "${6ac268bb-aa08-46eb-892b-75f6e9d4058e.Assigned Team}",
          "sectionItemKey": "9631bf6c-b424-4b35-bf30-60c711417432"
        },
        {
          "inputPort": "input",
          "mapping": "${6ac268bb-aa08-46eb-892b-75f6e9d4058e.RecID}",
          "sectionItemKey": "15badba4-2379-4bc9-a8e0-2c56037315d8"
        },
        {
          "inputPort": "input",
          "mapping": "${6ac268bb-aa08-46eb-892b-75f6e9d4058e.Description}",
          "sectionItemKey": "f8688d2c-c5a9-4493-8e99-d6a9c0e29b34"
        },
        {
          "inputPort": "input",
          "mapping": "${6ac268bb-aa08-46eb-892b-75f6e9d4058e.Incident ID}",
          "sectionItemKey": "b3657bae-c521-4767-9075-5f9f2f372f39"
        },
        {
          "inputPort": "input",
          "mapping": "${6ac268bb-aa08-46eb-892b-75f6e9d4058e.Type ID}",
          "sectionItemKey": "483d5a43-a340-4be5-8979-9902b0fc01bb"
        }
      ]
    },
    {
      "id": "6ac268bb-aa08-46eb-892b-75f6e9d4058e",
      "label": "Inbound from Cherwell",
      "environment": "HOSTED",
      "presentation": "{\"w\":60,\"x\":0,\"h\":60,\"y\":40}",
      "step": "7b67791d-e518-4ff2-a012-c02dc5eb6297",
      "stepType": "INTEGRATION"
    },
    {
      "id": "28add997-47a6-406e-a207-899e2dc6642e",
      "label": "xMatters - Get Person by Full Name",
      "environment": "HOSTED",
      "presentation": "{\"w\":60,\"x\":440,\"h\":60,\"y\":340}",
      "step": "298b8129-fe1e-490b-9ff2-61ff0305801b",
      "stepType": "SCRIPT_STEP",
      "inputMappings": [
        {
          "inputPort": "input",
          "mapping": "${6ac268bb-aa08-46eb-892b-75f6e9d4058e.Assigned To}",
          "stepInput": "6a02dc4d-3117-4ead-b788-910a88edfeec"
        }
      ]
    }
  ],
  "edges": [
    {
      "fromBlock": "e137e21c-734e-4c46-bd37-99a2f427e6e9",
      "fromPort": "53491a23-ae31-44d2-9a2d-063b23010f44",
      "toBlock": "063a5932-2b12-43f9-aadb-2a4d9fe57a2b",
      "toPort": "input"
    },
    {
      "fromBlock": "e137e21c-734e-4c46-bd37-99a2f427e6e9",
      "fromPort": "output",
      "toBlock": "28add997-47a6-406e-a207-899e2dc6642e",
      "toPort": "input"
    },
    {
      "fromBlock": "28add997-47a6-406e-a207-899e2dc6642e",
      "fromPort": "output",
      "toBlock": "49b9e7e8-86ef-4ee6-808a-a2209bd61d07",
      "toPort": "input"
    },
    {
      "fromBlock": "6ac268bb-aa08-46eb-892b-75f6e9d4058e",
      "fromPort": "output",
      "toBlock": "e137e21c-734e-4c46-bd37-99a2f427e6e9",
      "toPort": "input"
    }
  ]
}