{
  "name": "Incident - Assigned To",
  "form": "9b17650a-09c1-4fcd-bc52-a32ea1b765d0",
  "blocks": [
    {
      "id": "cfd54cd8-4f9c-48eb-a9b2-162a780f7d4f",
      "label": "Accept",
      "environment": "HOSTED",
      "presentation": "{}",
      "step": "469030db-8388-4b47-8dda-84c463295e28",
      "stepType": "INTEGRATION"
    },
    {
      "id": "c23c5108-4ab2-4908-85ef-8cf2cad7391a",
      "endpoint": "Cherwell",
      "label": "Cherwell - Annotate Object",
      "environment": "HOSTED",
      "presentation": "{\"w\":60,\"x\":220,\"h\":60,\"y\":40}",
      "step": "f56b8024-c2ef-49df-a7d5-a963d9f0ddef",
      "stepType": "SCRIPT_STEP",
      "inputMappings": [
        {
          "inputPort": "input",
          "mapping": "${event.properties.RecID}",
          "stepInput": "e0f91d76-981a-466e-a797-4e169a58814e"
        },
        {
          "inputPort": "input",
          "mapping": "Incident",
          "stepInput": "4da57c2e-d04e-4a9e-a890-3f529ef228a7"
        },
        {
          "inputPort": "input",
          "mapping": "xMatters event ${event.eventId} status updated to ${event.status}",
          "stepInput": "39192f0c-4d55-4fa7-a6de-47006e57837c"
        },
        {
          "inputPort": "input",
          "mapping": "Journal - Note",
          "stepInput": "4edc5667-3f25-4742-8355-f69bb49ef37b"
        }
      ]
    },
    {
      "id": "567419a6-97e3-455e-a393-1d7653b288a8",
      "endpoint": "Cherwell",
      "label": "Cherwell - Annotate Object",
      "environment": "HOSTED",
      "presentation": "{\"w\":60,\"x\":220,\"h\":60,\"y\":572}",
      "step": "f56b8024-c2ef-49df-a7d5-a963d9f0ddef",
      "stepType": "SCRIPT_STEP",
      "inputMappings": [
        {
          "inputPort": "input",
          "mapping": "${event.properties.RecID}",
          "stepInput": "e0f91d76-981a-466e-a797-4e169a58814e"
        },
        {
          "inputPort": "input",
          "mapping": "Incident",
          "stepInput": "4da57c2e-d04e-4a9e-a890-3f529ef228a7"
        },
        {
          "inputPort": "input",
          "mapping": "${triggerOutputRESPONSE.respondedTo.by.firstName} ${triggerOutputRESPONSE.respondedTo.by.lastName} responded with ${triggerOutputRESPONSE.response.response} on their device ${triggerOutputRESPONSE.response.deviceName} to xMatters event ${event.eventId}",
          "stepInput": "39192f0c-4d55-4fa7-a6de-47006e57837c"
        },
        {
          "inputPort": "input",
          "mapping": "Journal - Note",
          "stepInput": "4edc5667-3f25-4742-8355-f69bb49ef37b"
        }
      ]
    },
    {
      "id": "75bfbe99-6131-4210-bcf8-2e6c90f0c4e1",
      "label": "Escalate",
      "environment": "HOSTED",
      "presentation": "{}",
      "step": "a9b4f1a1-3bf5-4af7-839d-d259f1414566",
      "stepType": "INTEGRATION"
    },
    {
      "id": "09e7abdb-a86f-4a6b-8d67-3f3d455f7956",
      "label": "New Incident - Assignee - Event Status Updates",
      "environment": "HOSTED",
      "presentation": "{\"w\":60,\"x\":0,\"h\":60,\"y\":40}",
      "step": "c8ddda6d-3930-427e-940e-a7426a1fab68",
      "stepType": "INTEGRATION"
    },
    {
      "id": "0e2ab376-349a-401a-a2ae-b186a343c074",
      "label": "Responses",
      "environment": "HOSTED",
      "presentation": "{\"w\":100,\"x\":0,\"h\":50,\"y\":260}",
      "stepType": "RESPONSES"
    }
  ],
  "edges": [
    {
      "fromBlock": "cfd54cd8-4f9c-48eb-a9b2-162a780f7d4f",
      "fromPort": "output",
      "toBlock": "567419a6-97e3-455e-a393-1d7653b288a8",
      "toPort": "input"
    },
    {
      "fromBlock": "09e7abdb-a86f-4a6b-8d67-3f3d455f7956",
      "fromPort": "output",
      "toBlock": "c23c5108-4ab2-4908-85ef-8cf2cad7391a",
      "toPort": "input"
    },
    {
      "fromBlock": "75bfbe99-6131-4210-bcf8-2e6c90f0c4e1",
      "fromPort": "output",
      "toBlock": "567419a6-97e3-455e-a393-1d7653b288a8",
      "toPort": "input"
    }
  ]
}