{
  "name": "Incident - Assigned To",
  "description": "",
  "form": "028764b1-c216-496e-8d98-163bca2aec41",
  "blocks": [
    {
      "id": "356c1fd4-f4e0-4ab6-8003-2b0fa5472635",
      "label": "Accept",
      "environment": "HOSTED",
      "presentation": "{}",
      "step": "3156cfe1-3a6b-4975-9f9f-ed5ca4c40e02",
      "stepType": "INTEGRATION"
    },
    {
      "id": "a1c28a0e-9895-435b-9de7-1053b1b31eb5",
      "endpoint": "Cherwell",
      "label": "Cherwell - Annotate Object",
      "environment": "HOSTED",
      "presentation": "{\"w\":60,\"x\":220,\"h\":60,\"y\":40}",
      "step": "4026a7e4-bb48-4da4-a06f-9596c3325ff3",
      "stepType": "SCRIPT_STEP",
      "inputMappings": [
        {
          "inputPort": "input",
          "mapping": "${event.properties.RecID}",
          "stepInput": "1317ef87-7f17-4f55-9b82-e494c204ccc7"
        },
        {
          "inputPort": "input",
          "mapping": "Incident",
          "stepInput": "9a3f97b5-7524-4db5-928b-0f527b01da0a"
        },
        {
          "inputPort": "input",
          "mapping": "xMatters event ${event.eventId} status updated to ${event.status}",
          "stepInput": "0964b4f5-c95b-44a4-81ce-9f742043b433"
        },
        {
          "inputPort": "input",
          "mapping": "Journal - Note",
          "stepInput": "a126029e-7c1b-4560-b526-39b4016ea81f"
        }
      ]
    },
    {
      "id": "12b5fb14-c072-49f7-bad0-32752995c682",
      "endpoint": "Cherwell",
      "label": "Cherwell - Annotate Object",
      "environment": "HOSTED",
      "presentation": "{\"w\":60,\"x\":220,\"h\":60,\"y\":572}",
      "step": "4026a7e4-bb48-4da4-a06f-9596c3325ff3",
      "stepType": "SCRIPT_STEP",
      "inputMappings": [
        {
          "inputPort": "input",
          "mapping": "${event.properties.RecID}",
          "stepInput": "1317ef87-7f17-4f55-9b82-e494c204ccc7"
        },
        {
          "inputPort": "input",
          "mapping": "Incident",
          "stepInput": "9a3f97b5-7524-4db5-928b-0f527b01da0a"
        },
        {
          "inputPort": "input",
          "mapping": "${triggerOutputRESPONSE.respondedTo.by.firstName} ${triggerOutputRESPONSE.respondedTo.by.lastName} responded with ${triggerOutputRESPONSE.response.response} on their device ${triggerOutputRESPONSE.response.deviceName} to xMatters event ${event.eventId}",
          "stepInput": "0964b4f5-c95b-44a4-81ce-9f742043b433"
        },
        {
          "inputPort": "input",
          "mapping": "Journal - Note",
          "stepInput": "a126029e-7c1b-4560-b526-39b4016ea81f"
        }
      ]
    },
    {
      "id": "5adeff02-1483-40b6-895b-4fc4e4cd7891",
      "label": "Escalate",
      "environment": "HOSTED",
      "presentation": "{}",
      "step": "9f4861e3-2012-4abb-a2fc-fc8f8e4d345d",
      "stepType": "INTEGRATION"
    },
    {
      "id": "94822c6d-477c-4d51-b14a-9272dc4c4c09",
      "label": "New Incident - Assignee - Event Status Updates",
      "environment": "HOSTED",
      "presentation": "{\"w\":60,\"x\":0,\"h\":60,\"y\":40}",
      "step": "1eedb046-95ad-4fd6-83b3-387234a1b1d5",
      "stepType": "INTEGRATION"
    },
    {
      "id": "29e85d1a-379b-4c64-8069-7e3cf3be87eb",
      "label": "Responses",
      "environment": "HOSTED",
      "presentation": "{\"w\":100,\"x\":0,\"h\":50,\"y\":260}",
      "stepType": "RESPONSES"
    }
  ],
  "edges": [
    {
      "fromBlock": "94822c6d-477c-4d51-b14a-9272dc4c4c09",
      "fromPort": "output",
      "toBlock": "a1c28a0e-9895-435b-9de7-1053b1b31eb5",
      "toPort": "input"
    },
    {
      "fromBlock": "356c1fd4-f4e0-4ab6-8003-2b0fa5472635",
      "fromPort": "output",
      "toBlock": "12b5fb14-c072-49f7-bad0-32752995c682",
      "toPort": "input"
    },
    {
      "fromBlock": "5adeff02-1483-40b6-895b-4fc4e4cd7891",
      "fromPort": "output",
      "toBlock": "12b5fb14-c072-49f7-bad0-32752995c682",
      "toPort": "input"
    }
  ]
}