{
  "name": "Incident - Assigned Group",
  "description": "",
  "form": "ec4c3e16-6d23-403f-b349-b859f34bca20",
  "blocks": [
    {
      "id": "56a82a72-10c7-4af9-a765-e8ee22a8835e",
      "label": "Assign to Me",
      "environment": "HOSTED",
      "presentation": "{}",
      "step": "7f0daf15-95b4-40d9-9884-1031ce503def",
      "stepType": "INTEGRATION"
    },
    {
      "id": "aeae2a0c-eaae-44b4-90ef-178fd591529a",
      "endpoint": "Cherwell",
      "label": "Cherwell - Annotate Object",
      "environment": "HOSTED",
      "presentation": "{\"w\":60,\"x\":220,\"h\":60,\"y\":40}",
      "step": "4026a7e4-bb48-4da4-a06f-9596c3325ff3",
      "stepType": "SCRIPT_STEP",
      "inputMappings": [
        {
          "inputPort": "input",
          "mapping": "${event.properties.RecID}",
          "stepInput": "1317ef87-7f17-4f55-9b82-e494c204ccc7"
        },
        {
          "inputPort": "input",
          "mapping": "Incident",
          "stepInput": "9a3f97b5-7524-4db5-928b-0f527b01da0a"
        },
        {
          "inputPort": "input",
          "mapping": "xMatters event ${event.eventId} status updated to ${event.status}",
          "stepInput": "0964b4f5-c95b-44a4-81ce-9f742043b433"
        },
        {
          "inputPort": "input",
          "mapping": "Journal - Note",
          "stepInput": "a126029e-7c1b-4560-b526-39b4016ea81f"
        }
      ]
    },
    {
      "id": "7723f6f3-221f-4d02-9140-b9a8f21c25ed",
      "endpoint": "Cherwell",
      "label": "Cherwell - Annotate Object",
      "environment": "HOSTED",
      "presentation": "{\"w\":60,\"x\":440,\"h\":60,\"y\":538}",
      "step": "4026a7e4-bb48-4da4-a06f-9596c3325ff3",
      "stepType": "SCRIPT_STEP",
      "inputMappings": [
        {
          "inputPort": "input",
          "mapping": "${event.properties.RecID}",
          "stepInput": "1317ef87-7f17-4f55-9b82-e494c204ccc7"
        },
        {
          "inputPort": "input",
          "mapping": "Incident",
          "stepInput": "9a3f97b5-7524-4db5-928b-0f527b01da0a"
        },
        {
          "inputPort": "input",
          "mapping": "${triggerOutputRESPONSE.respondedTo.by.firstName} ${triggerOutputRESPONSE.respondedTo.by.lastName} responded with ${triggerOutputRESPONSE.response.response} on their ${triggerOutputRESPONSE.response.deviceName} device to xMatters event ${event.eventId}",
          "stepInput": "0964b4f5-c95b-44a4-81ce-9f742043b433"
        },
        {
          "inputPort": "input",
          "mapping": "Journal - Note",
          "stepInput": "a126029e-7c1b-4560-b526-39b4016ea81f"
        }
      ]
    },
    {
      "id": "fa2300a9-ff72-4c75-93e8-d1befb793a52",
      "endpoint": "Cherwell",
      "label": "Cherwell - Assign Incident",
      "environment": "HOSTED",
      "presentation": "{\"w\":60,\"x\":220,\"h\":60,\"y\":416}",
      "step": "bd426abb-1125-4ff9-b6ab-10fa9e376a30",
      "stepType": "SCRIPT_STEP",
      "inputMappings": [
        {
          "inputPort": "input",
          "mapping": "${event.properties.Type ID}",
          "stepInput": "ee4584a2-0410-4c93-bbcc-1d037847c655"
        },
        {
          "inputPort": "input",
          "mapping": "${event.properties.RecID}",
          "stepInput": "16c15a11-dd70-4c84-9175-dc9c0c658b5c"
        },
        {
          "inputPort": "input",
          "mapping": "${event.properties.Incident ID}",
          "stepInput": "875f5bc2-d452-4ba1-9c60-39635b27056c"
        },
        {
          "inputPort": "input",
          "mapping": "${event.properties.Assigned Team}",
          "stepInput": "c3173665-bcdd-4951-8574-d253485f223d"
        },
        {
          "inputPort": "input",
          "mapping": "${triggerOutputRESPONSE.respondedTo.by.firstName} ${triggerOutputRESPONSE.respondedTo.by.lastName}",
          "stepInput": "5801caa5-e4ad-4163-ac5a-714ffa2299bb"
        },
        {
          "inputPort": "input",
          "mapping": "In Progress",
          "stepInput": "3dba83b0-507f-4165-abec-c35ed99aec95"
        }
      ]
    },
    {
      "id": "e646e20f-74de-4f42-a7a5-6b7058bc756a",
      "label": "Escalate",
      "environment": "HOSTED",
      "presentation": "{}",
      "step": "09c99c77-c12b-490e-8aa1-343f1d0a7929",
      "stepType": "INTEGRATION"
    },
    {
      "id": "347c3b54-9612-431f-ae7e-88d4a64724ef",
      "label": "New Incident - Group - Event Status Updates",
      "environment": "HOSTED",
      "presentation": "{\"w\":60,\"x\":0,\"h\":60,\"y\":40}",
      "step": "f8af74f3-37cb-4c4a-8f49-c20550c0034b",
      "stepType": "INTEGRATION"
    },
    {
      "id": "31a140fa-d5da-4c6e-85a1-d4852e9f94ec",
      "label": "Responses",
      "environment": "HOSTED",
      "presentation": "{\"w\":100,\"x\":0,\"h\":50,\"y\":260}",
      "stepType": "RESPONSES"
    }
  ],
  "edges": [
    {
      "fromBlock": "e646e20f-74de-4f42-a7a5-6b7058bc756a",
      "fromPort": "output",
      "toBlock": "7723f6f3-221f-4d02-9140-b9a8f21c25ed",
      "toPort": "input"
    },
    {
      "fromBlock": "fa2300a9-ff72-4c75-93e8-d1befb793a52",
      "fromPort": "output",
      "toBlock": "7723f6f3-221f-4d02-9140-b9a8f21c25ed",
      "toPort": "input"
    },
    {
      "fromBlock": "347c3b54-9612-431f-ae7e-88d4a64724ef",
      "fromPort": "output",
      "toBlock": "aeae2a0c-eaae-44b4-90ef-178fd591529a",
      "toPort": "input"
    },
    {
      "fromBlock": "56a82a72-10c7-4af9-a765-e8ee22a8835e",
      "fromPort": "output",
      "toBlock": "fa2300a9-ff72-4c75-93e8-d1befb793a52",
      "toPort": "input"
    }
  ]
}