{
  "name": "Incident - Assigned Group",
  "description": "",
  "form": "c11cb308-a99d-4b40-ab74-b53494054f0d",
  "blocks": [
    {
      "id": "ee7a5b49-0ff1-407f-a2a8-f6b3187633d4",
      "label": "Assign to Me",
      "environment": "HOSTED",
      "presentation": "{}",
      "step": "f6c3bea5-e6f7-4be3-9636-96264b93ec2e",
      "stepType": "INTEGRATION"
    },
    {
      "id": "4dfd47b8-0a8d-45c0-a03e-c215baff423d",
      "endpoint": "Cherwell",
      "label": "Cherwell - Annotate Object",
      "environment": "HOSTED",
      "presentation": "{\"w\":60,\"x\":440,\"h\":60,\"y\":538}",
      "step": "4026a7e4-bb48-4da4-a06f-9596c3325ff3",
      "stepType": "SCRIPT_STEP",
      "inputMappings": [
        {
          "inputPort": "input",
          "mapping": "${event.properties.RecID}",
          "stepInput": "1317ef87-7f17-4f55-9b82-e494c204ccc7"
        },
        {
          "inputPort": "input",
          "mapping": "Incident",
          "stepInput": "9a3f97b5-7524-4db5-928b-0f527b01da0a"
        },
        {
          "inputPort": "input",
          "mapping": "${triggerOutputRESPONSE.respondedTo.by.firstName} ${triggerOutputRESPONSE.respondedTo.by.lastName} responded with ${triggerOutputRESPONSE.response.response} on their ${triggerOutputRESPONSE.response.deviceName} device to xMatters event ${event.eventId}",
          "stepInput": "0964b4f5-c95b-44a4-81ce-9f742043b433"
        },
        {
          "inputPort": "input",
          "mapping": "Journal - Note",
          "stepInput": "a126029e-7c1b-4560-b526-39b4016ea81f"
        }
      ]
    },
    {
      "id": "654c751d-be31-4c42-84f8-0f057548c3f7",
      "endpoint": "Cherwell",
      "label": "Cherwell - Annotate Object",
      "environment": "HOSTED",
      "presentation": "{\"w\":60,\"x\":220,\"h\":60,\"y\":40}",
      "step": "4026a7e4-bb48-4da4-a06f-9596c3325ff3",
      "stepType": "SCRIPT_STEP",
      "inputMappings": [
        {
          "inputPort": "input",
          "mapping": "${event.properties.RecID}",
          "stepInput": "1317ef87-7f17-4f55-9b82-e494c204ccc7"
        },
        {
          "inputPort": "input",
          "mapping": "Incident",
          "stepInput": "9a3f97b5-7524-4db5-928b-0f527b01da0a"
        },
        {
          "inputPort": "input",
          "mapping": "xMatters event ${event.eventId} status updated to ${event.status}",
          "stepInput": "0964b4f5-c95b-44a4-81ce-9f742043b433"
        },
        {
          "inputPort": "input",
          "mapping": "Journal - Note",
          "stepInput": "a126029e-7c1b-4560-b526-39b4016ea81f"
        }
      ]
    },
    {
      "id": "5b6e65cc-71f2-4783-ac4a-e049aee04703",
      "endpoint": "Cherwell",
      "label": "Cherwell - Assign Incident",
      "environment": "HOSTED",
      "presentation": "{\"w\":60,\"x\":220,\"h\":60,\"y\":416}",
      "step": "bd426abb-1125-4ff9-b6ab-10fa9e376a30",
      "stepType": "SCRIPT_STEP",
      "inputMappings": [
        {
          "inputPort": "input",
          "mapping": "${event.properties.Type ID}",
          "stepInput": "ee4584a2-0410-4c93-bbcc-1d037847c655"
        },
        {
          "inputPort": "input",
          "mapping": "${event.properties.RecID}",
          "stepInput": "16c15a11-dd70-4c84-9175-dc9c0c658b5c"
        },
        {
          "inputPort": "input",
          "mapping": "${event.properties.Incident ID}",
          "stepInput": "875f5bc2-d452-4ba1-9c60-39635b27056c"
        },
        {
          "inputPort": "input",
          "mapping": "${event.properties.Assigned Team}",
          "stepInput": "c3173665-bcdd-4951-8574-d253485f223d"
        },
        {
          "inputPort": "input",
          "mapping": "${triggerOutputRESPONSE.respondedTo.by.firstName} ${triggerOutputRESPONSE.respondedTo.by.lastName}",
          "stepInput": "5801caa5-e4ad-4163-ac5a-714ffa2299bb"
        },
        {
          "inputPort": "input",
          "mapping": "In Progress",
          "stepInput": "3dba83b0-507f-4165-abec-c35ed99aec95"
        }
      ]
    },
    {
      "id": "6d5d48b1-8f34-4f1e-a53a-f70e68eee344",
      "label": "Escalate",
      "environment": "HOSTED",
      "presentation": "{}",
      "step": "39e73097-0962-4ceb-bc03-74be3dcc60df",
      "stepType": "INTEGRATION"
    },
    {
      "id": "dfa62a70-1ab7-4b1f-9285-8eff39bbbe81",
      "label": "New Incident - Group - Event Status Updates",
      "environment": "HOSTED",
      "presentation": "{\"w\":60,\"x\":0,\"h\":60,\"y\":40}",
      "step": "f846c2cb-7a9e-49a8-a39f-ec8d9093a07c",
      "stepType": "INTEGRATION"
    },
    {
      "id": "72384fdb-82a0-42e6-b73a-43ac60751a3c",
      "label": "Responses",
      "environment": "HOSTED",
      "presentation": "{\"w\":100,\"x\":0,\"h\":50,\"y\":260}",
      "stepType": "RESPONSES"
    }
  ],
  "edges": [
    {
      "fromBlock": "dfa62a70-1ab7-4b1f-9285-8eff39bbbe81",
      "fromPort": "output",
      "toBlock": "654c751d-be31-4c42-84f8-0f057548c3f7",
      "toPort": "input"
    },
    {
      "fromBlock": "ee7a5b49-0ff1-407f-a2a8-f6b3187633d4",
      "fromPort": "output",
      "toBlock": "5b6e65cc-71f2-4783-ac4a-e049aee04703",
      "toPort": "input"
    },
    {
      "fromBlock": "5b6e65cc-71f2-4783-ac4a-e049aee04703",
      "fromPort": "output",
      "toBlock": "4dfd47b8-0a8d-45c0-a03e-c215baff423d",
      "toPort": "input"
    },
    {
      "fromBlock": "6d5d48b1-8f34-4f1e-a53a-f70e68eee344",
      "fromPort": "output",
      "toBlock": "4dfd47b8-0a8d-45c0-a03e-c215baff423d",
      "toPort": "input"
    }
  ]
}