{
  "name": "Terminate",
  "description": "",
  "form": "e713ca0a-1d76-4ec8-bb91-eca546e667fd",
  "blocks": [
    {
      "id": "f6bef503-5080-4d9d-8971-80c9ef9e5a6c",
      "label": "Found?",
      "environment": "HOSTED",
      "presentation": "{\"w\":60,\"x\":440,\"h\":60,\"y\":55}",
      "stepType": "SWITCH",
      "inputMappings": [
        {
          "inputPort": "input",
          "mapping": "${6b6e3eae-5602-4f94-aae3-bdce1580714f.Number of Event IDs Returned}"
        }
      ],
      "switchCases": [
        {
          "caseId": "3b89e72a-db4e-41a1-95a2-24dd9049e513",
          "caseValue": "0"
        }
      ]
    },
    {
      "id": "6b6e3eae-5602-4f94-aae3-bdce1580714f",
      "label": "Get Events",
      "environment": "HOSTED",
      "presentation": "{\"w\":60,\"x\":220,\"h\":60,\"y\":40}",
      "step": "f36cf6ba-2225-5cb3-831f-030a05527c72",
      "stepType": "SCRIPT_STEP",
      "inputMappings": [
        {
          "inputPort": "input",
          "mapping": "ACTIVE",
          "stepInput": "fa86536b-3508-56de-884b-503596bd64c2"
        },
        {
          "inputPort": "input",
          "mapping": "Incident ID#en",
          "stepInput": "72cd05cc-dfe2-5933-b85c-edcf1df9f56f"
        },
        {
          "inputPort": "input",
          "mapping": "${2d730906-09d0-40bb-86ad-65fb74e93d8a.Incident ID}",
          "stepInput": "b58893a5-ffaf-502d-982b-613dcd7b2232"
        },
        {
          "inputPort": "input",
          "mapping": "TRUE",
          "stepInput": "3bb89cc9-b89f-5291-9c54-1da7bc6c051a"
        }
      ]
    },
    {
      "id": "2d730906-09d0-40bb-86ad-65fb74e93d8a",
      "label": "Terminate - Inbound from Cherwell - Terminate",
      "environment": "HOSTED",
      "presentation": "{\"w\":60,\"x\":0,\"h\":60,\"y\":40}",
      "step": "1d232bbd-672e-491b-853f-5909799301eb",
      "stepType": "INTEGRATION"
    },
    {
      "id": "80c72483-6f4c-45ed-bd72-07470191be0d",
      "label": "Terminate Events",
      "environment": "HOSTED",
      "presentation": "{\"w\":60,\"x\":660,\"h\":60,\"y\":340}",
      "step": "798e3053-b4b4-5e8c-ba84-8a11c3be6237",
      "stepType": "SCRIPT_STEP",
      "inputMappings": [
        {
          "inputPort": "input",
          "mapping": "${6b6e3eae-5602-4f94-aae3-bdce1580714f.Event IDs}",
          "stepInput": "4fdf2591-4925-5682-8911-f0163d7f98dd"
        }
      ]
    }
  ],
  "edges": [
    {
      "fromBlock": "f6bef503-5080-4d9d-8971-80c9ef9e5a6c",
      "fromPort": "output",
      "toBlock": "80c72483-6f4c-45ed-bd72-07470191be0d",
      "toPort": "input"
    },
    {
      "fromBlock": "2d730906-09d0-40bb-86ad-65fb74e93d8a",
      "fromPort": "output",
      "toBlock": "6b6e3eae-5602-4f94-aae3-bdce1580714f",
      "toPort": "input"
    },
    {
      "fromBlock": "6b6e3eae-5602-4f94-aae3-bdce1580714f",
      "fromPort": "output",
      "toBlock": "f6bef503-5080-4d9d-8971-80c9ef9e5a6c",
      "toPort": "input"
    }
  ]
}