{
  "name": "Terminate",
  "form": "49f9f557-73a1-4b6d-a134-24fba3f0fefd",
  "blocks": [
    {
      "id": "4c2f8dd3-dfe4-4322-b419-dcf9477bab3b",
      "label": "Found?",
      "environment": "HOSTED",
      "presentation": "{\"w\":60,\"x\":440,\"h\":60,\"y\":55}",
      "stepType": "SWITCH",
      "inputMappings": [
        {
          "inputPort": "input",
          "mapping": "${4e01ea81-f263-4601-a1cb-9fe18e8121ea.Number of Event IDs Returned}"
        }
      ],
      "switchCases": [
        {
          "caseId": "bf05e86f-2df7-47dc-85ef-110545c46460",
          "caseValue": "0"
        }
      ]
    },
    {
      "id": "4e01ea81-f263-4601-a1cb-9fe18e8121ea",
      "label": "Get Events",
      "environment": "HOSTED",
      "presentation": "{\"w\":60,\"x\":220,\"h\":60,\"y\":40}",
      "step": "f36cf6ba-2225-5cb3-831f-030a05527c72",
      "stepType": "SCRIPT_STEP",
      "inputMappings": [
        {
          "inputPort": "input",
          "mapping": "ACTIVE",
          "stepInput": "fa86536b-3508-56de-884b-503596bd64c2"
        },
        {
          "inputPort": "input",
          "mapping": "Incident ID#en",
          "stepInput": "72cd05cc-dfe2-5933-b85c-edcf1df9f56f"
        },
        {
          "inputPort": "input",
          "mapping": "${5be6fc95-ad32-42de-bdda-88417f06d7f9.Incident ID}",
          "stepInput": "b58893a5-ffaf-502d-982b-613dcd7b2232"
        },
        {
          "inputPort": "input",
          "mapping": "TRUE",
          "stepInput": "3bb89cc9-b89f-5291-9c54-1da7bc6c051a"
        }
      ]
    },
    {
      "id": "5be6fc95-ad32-42de-bdda-88417f06d7f9",
      "label": "Terminate - Inbound from Cherwell - Terminate",
      "environment": "HOSTED",
      "presentation": "{\"w\":60,\"x\":0,\"h\":60,\"y\":40}",
      "step": "59e36c9e-4575-40b8-9b27-a36ede5f18a6",
      "stepType": "INTEGRATION"
    },
    {
      "id": "267fe990-dc3f-4e03-a933-81824465fd18",
      "label": "Terminate Events",
      "environment": "HOSTED",
      "presentation": "{\"w\":60,\"x\":660,\"h\":60,\"y\":340}",
      "step": "798e3053-b4b4-5e8c-ba84-8a11c3be6237",
      "stepType": "SCRIPT_STEP",
      "inputMappings": [
        {
          "inputPort": "input",
          "mapping": "${4e01ea81-f263-4601-a1cb-9fe18e8121ea.Event IDs}",
          "stepInput": "4fdf2591-4925-5682-8911-f0163d7f98dd"
        }
      ]
    }
  ],
  "edges": [
    {
      "fromBlock": "4c2f8dd3-dfe4-4322-b419-dcf9477bab3b",
      "fromPort": "output",
      "toBlock": "267fe990-dc3f-4e03-a933-81824465fd18",
      "toPort": "input"
    },
    {
      "fromBlock": "4e01ea81-f263-4601-a1cb-9fe18e8121ea",
      "fromPort": "output",
      "toBlock": "4c2f8dd3-dfe4-4322-b419-dcf9477bab3b",
      "toPort": "input"
    },
    {
      "fromBlock": "5be6fc95-ad32-42de-bdda-88417f06d7f9",
      "fromPort": "output",
      "toBlock": "4e01ea81-f263-4601-a1cb-9fe18e8121ea",
      "toPort": "input"
    }
  ]
}