{
  "name": "Terminate",
  "description": "",
  "form": "fdfba660-5fc4-4da9-b6d9-69c8f514622e",
  "blocks": [
    {
      "id": "0996aa4f-7932-4784-a9a6-83752a06c027",
      "label": "Found?",
      "environment": "HOSTED",
      "presentation": "{\"w\":60,\"x\":440,\"h\":60,\"y\":55}",
      "stepType": "SWITCH",
      "inputMappings": [
        {
          "inputPort": "input",
          "mapping": "${0f24bcf8-4ce5-4a37-8b66-53e712f524b4.Number of Event IDs Returned}"
        }
      ],
      "switchCases": [
        {
          "caseId": "79af786f-aa07-4d34-9040-71ea9656ab3f",
          "caseValue": "0"
        }
      ]
    },
    {
      "id": "0f24bcf8-4ce5-4a37-8b66-53e712f524b4",
      "label": "Get Events",
      "environment": "HOSTED",
      "presentation": "{\"w\":60,\"x\":220,\"h\":60,\"y\":40}",
      "step": "f36cf6ba-2225-5cb3-831f-030a05527c72",
      "stepType": "SCRIPT_STEP",
      "inputMappings": [
        {
          "inputPort": "input",
          "mapping": "ACTIVE",
          "stepInput": "fa86536b-3508-56de-884b-503596bd64c2"
        },
        {
          "inputPort": "input",
          "mapping": "Incident ID#en",
          "stepInput": "72cd05cc-dfe2-5933-b85c-edcf1df9f56f"
        },
        {
          "inputPort": "input",
          "mapping": "${2abcf86a-283b-4803-8884-89f1fbde79a4.Incident ID}",
          "stepInput": "b58893a5-ffaf-502d-982b-613dcd7b2232"
        },
        {
          "inputPort": "input",
          "mapping": "TRUE",
          "stepInput": "3bb89cc9-b89f-5291-9c54-1da7bc6c051a"
        }
      ]
    },
    {
      "id": "2abcf86a-283b-4803-8884-89f1fbde79a4",
      "label": "Terminate - Inbound from Cherwell - Terminate",
      "environment": "HOSTED",
      "presentation": "{\"w\":60,\"x\":0,\"h\":60,\"y\":40}",
      "step": "d78b3862-4e51-41ac-9800-47c8e102ccf5",
      "stepType": "INTEGRATION"
    },
    {
      "id": "7c2853ac-6625-4694-9f68-56945b30e712",
      "label": "Terminate Events",
      "environment": "HOSTED",
      "presentation": "{\"w\":60,\"x\":660,\"h\":60,\"y\":340}",
      "step": "798e3053-b4b4-5e8c-ba84-8a11c3be6237",
      "stepType": "SCRIPT_STEP",
      "inputMappings": [
        {
          "inputPort": "input",
          "mapping": "${0f24bcf8-4ce5-4a37-8b66-53e712f524b4.Event IDs}",
          "stepInput": "4fdf2591-4925-5682-8911-f0163d7f98dd"
        }
      ]
    }
  ],
  "edges": [
    {
      "fromBlock": "0996aa4f-7932-4784-a9a6-83752a06c027",
      "fromPort": "output",
      "toBlock": "7c2853ac-6625-4694-9f68-56945b30e712",
      "toPort": "input"
    },
    {
      "fromBlock": "0f24bcf8-4ce5-4a37-8b66-53e712f524b4",
      "fromPort": "output",
      "toBlock": "0996aa4f-7932-4784-a9a6-83752a06c027",
      "toPort": "input"
    },
    {
      "fromBlock": "2abcf86a-283b-4803-8884-89f1fbde79a4",
      "fromPort": "output",
      "toBlock": "0f24bcf8-4ce5-4a37-8b66-53e712f524b4",
      "toPort": "input"
    }
  ]
}