{
  "integrations": [
    {
      "id": "95f6145f-7cf9-45e0-864e-517b75149405",
      "name": "Inbound from Cherwell",
      "action": "RUN_SCRIPT",
      "type": "INBOUND_WEBHOOK",
      "deployed": true,
      "form": "f8c98486-b178-49df-8457-f964e186ed70",
      "environment": "HOSTED",
      "authType": "BASIC",
      "createdBy": "FLOW",
      "integrationScriptStepUuid": "db09056f-d954-403f-aefb-4e9591967fdc"
    },
    {
      "id": "469030db-8388-4b47-8dda-84c463295e28",
      "name": "New Incident - Assignee - Accept",
      "action": "RUN_SCRIPT",
      "type": "OUTBOUND_WEBHOOK",
      "triggeredBy": "RESPONSE",
      "responseChoice": "Accept",
      "deployed": true,
      "form": "9b17650a-09c1-4fcd-bc52-a32ea1b765d0",
      "environment": "HOSTED",
      "authType": "NONE",
      "createdBy": "FLOW"
    },
    {
      "id": "a9b4f1a1-3bf5-4af7-839d-d259f1414566",
      "name": "New Incident - Assignee - Escalate",
      "action": "RUN_SCRIPT",
      "type": "OUTBOUND_WEBHOOK",
      "triggeredBy": "RESPONSE",
      "responseChoice": "Escalate",
      "deployed": true,
      "form": "9b17650a-09c1-4fcd-bc52-a32ea1b765d0",
      "environment": "HOSTED",
      "authType": "NONE",
      "createdBy": "FLOW"
    },
    {
      "id": "c8ddda6d-3930-427e-940e-a7426a1fab68",
      "name": "New Incident - Assignee - Event Status Updates",
      "action": "RUN_SCRIPT",
      "type": "OUTBOUND_WEBHOOK",
      "triggeredBy": "STATUS",
      "deployed": true,
      "form": "9b17650a-09c1-4fcd-bc52-a32ea1b765d0",
      "environment": "HOSTED",
      "authType": "NONE",
      "createdBy": "FLOW"
    },
    {
      "id": "e157cd05-efc5-4b96-bca5-0285f82cb532",
      "name": "New Incident - Group - Assign to Me",
      "action": "RUN_SCRIPT",
      "type": "OUTBOUND_WEBHOOK",
      "triggeredBy": "RESPONSE",
      "responseChoice": "Assign to Me",
      "deployed": true,
      "form": "f98cbae8-63ac-4ae2-872c-54f3f6ab7eda",
      "environment": "HOSTED",
      "authType": "NONE",
      "createdBy": "FLOW"
    },
    {
      "id": "59f374f9-b506-4e23-834b-c5f653a4e5d2",
      "name": "New Incident - Group - Escalate",
      "action": "RUN_SCRIPT",
      "type": "OUTBOUND_WEBHOOK",
      "triggeredBy": "RESPONSE",
      "responseChoice": "Escalate",
      "deployed": true,
      "form": "f98cbae8-63ac-4ae2-872c-54f3f6ab7eda",
      "environment": "HOSTED",
      "authType": "NONE",
      "createdBy": "FLOW"
    },
    {
      "id": "54517d3f-09d7-44bc-952f-ab7a0a14204e",
      "name": "New Incident - Group - Event Status Updates",
      "action": "RUN_SCRIPT",
      "type": "OUTBOUND_WEBHOOK",
      "triggeredBy": "STATUS",
      "deployed": true,
      "form": "f98cbae8-63ac-4ae2-872c-54f3f6ab7eda",
      "environment": "HOSTED",
      "authType": "NONE",
      "createdBy": "FLOW"
    },
    {
      "id": "275662d9-e140-478e-9b3e-f8648105b5bd",
      "name": "Terminate Events - Inbound from Cherwell - Terminate",
      "action": "RUN_SCRIPT",
      "type": "INBOUND_WEBHOOK",
      "deployed": true,
      "environment": "HOSTED",
      "authType": "BASIC",
      "createdBy": "FLOW",
      "integrationScriptStepUuid": "586fa18d-b679-4348-9fa6-f13433d93388"
    },
    {
      "id": "59e36c9e-4575-40b8-9b27-a36ede5f18a6",
      "name": "Terminate - Inbound from Cherwell - Terminate",
      "action": "RUN_SCRIPT",
      "type": "INBOUND_WEBHOOK",
      "deployed": true,
      "form": "49f9f557-73a1-4b6d-a134-24fba3f0fefd",
      "environment": "HOSTED",
      "authType": "BASIC",
      "createdBy": "FLOW",
      "integrationScriptStepUuid": "586fa18d-b679-4348-9fa6-f13433d93388"
    }
  ],
  "endpoints": [
    {
      "name": "Cherwell",
      "baseUrl": "https://my.cherwell.com",
      "type": "EXTERNAL",
      "authentication": "OAUTH2"
    }
  ],
  "constants": []
}