{
  "integrations": [
    {
      "id": "906b8d9e-b05a-40d6-b66c-1df4ebb97875",
      "name": "Extra steps - Do Nothing Trigger",
      "action": "RUN_SCRIPT",
      "type": "INBOUND_WEBHOOK",
      "deployed": true,
      "form": "b62e2726-85c0-42b1-b49a-7705c9f181bb",
      "environment": "HOSTED",
      "authType": "URL",
      "createdBy": "FLOW",
      "integrationScriptStepUuid": "d35bc21f-b131-4f5d-aad9-bbd85d42a5fb"
    },
    {
      "id": "40e358d1-e333-427e-92d9-ffd16ed14ce0",
      "name": "Inbound from Cherwell",
      "action": "RUN_SCRIPT",
      "type": "INBOUND_WEBHOOK",
      "deployed": true,
      "form": "24129cce-2c78-465c-a10c-25ed7f612468",
      "environment": "HOSTED",
      "authType": "BASIC",
      "createdBy": "FLOW",
      "integrationScriptStepUuid": "4b1bdf8a-0219-4a72-a72d-26dfe342b115"
    },
    {
      "id": "7f0daf15-95b4-40d9-9884-1031ce503def",
      "name": "Incident - Assigned Group - Assign to Me",
      "action": "RUN_SCRIPT",
      "type": "OUTBOUND_WEBHOOK",
      "triggeredBy": "RESPONSE",
      "responseChoice": "Assign to Me",
      "deployed": true,
      "form": "ec4c3e16-6d23-403f-b349-b859f34bca20",
      "environment": "HOSTED",
      "authType": "NONE",
      "createdBy": "FLOW"
    },
    {
      "id": "09c99c77-c12b-490e-8aa1-343f1d0a7929",
      "name": "Incident - Assigned Group - Escalate",
      "action": "RUN_SCRIPT",
      "type": "OUTBOUND_WEBHOOK",
      "triggeredBy": "RESPONSE",
      "responseChoice": "Escalate",
      "deployed": true,
      "form": "ec4c3e16-6d23-403f-b349-b859f34bca20",
      "environment": "HOSTED",
      "authType": "NONE",
      "createdBy": "FLOW"
    },
    {
      "id": "785d14f5-6b4e-429f-bf5a-f81de4010c74",
      "name": "New Incident - Assignee - Accept",
      "action": "RUN_SCRIPT",
      "type": "OUTBOUND_WEBHOOK",
      "triggeredBy": "RESPONSE",
      "responseChoice": "Accept",
      "deployed": true,
      "form": "2389cd8f-3aed-4056-86ec-4da3ed7e0c84",
      "environment": "HOSTED",
      "authType": "NONE",
      "createdBy": "FLOW"
    },
    {
      "id": "c69a88f7-1fe6-4bdd-b453-f7d72f45cdcc",
      "name": "New Incident - Assignee - Escalate",
      "action": "RUN_SCRIPT",
      "type": "OUTBOUND_WEBHOOK",
      "triggeredBy": "RESPONSE",
      "responseChoice": "Escalate",
      "deployed": true,
      "form": "2389cd8f-3aed-4056-86ec-4da3ed7e0c84",
      "environment": "HOSTED",
      "authType": "NONE",
      "createdBy": "FLOW"
    },
    {
      "id": "64a5978c-ec6e-4c6e-b2aa-b01af81cb428",
      "name": "New Incident - Assignee - Event Status Updates",
      "action": "RUN_SCRIPT",
      "type": "OUTBOUND_WEBHOOK",
      "triggeredBy": "STATUS",
      "deployed": true,
      "form": "2389cd8f-3aed-4056-86ec-4da3ed7e0c84",
      "environment": "HOSTED",
      "authType": "NONE",
      "createdBy": "FLOW"
    },
    {
      "id": "f8af74f3-37cb-4c4a-8f49-c20550c0034b",
      "name": "New Incident - Group - Event Status Updates",
      "action": "RUN_SCRIPT",
      "type": "OUTBOUND_WEBHOOK",
      "triggeredBy": "STATUS",
      "deployed": true,
      "form": "ec4c3e16-6d23-403f-b349-b859f34bca20",
      "environment": "HOSTED",
      "authType": "NONE",
      "createdBy": "FLOW"
    },
    {
      "id": "14604086-0294-478f-9ce0-0fc49abbb313",
      "name": "Terminate Events - Inbound from Cherwell - Terminate",
      "action": "RUN_SCRIPT",
      "type": "INBOUND_WEBHOOK",
      "deployed": true,
      "environment": "HOSTED",
      "authType": "BASIC",
      "createdBy": "FLOW",
      "integrationScriptStepUuid": "0bc856cc-a769-4952-a061-50f4196bcf09"
    },
    {
      "id": "1d232bbd-672e-491b-853f-5909799301eb",
      "name": "Terminate - Inbound from Cherwell - Terminate",
      "action": "RUN_SCRIPT",
      "type": "INBOUND_WEBHOOK",
      "deployed": true,
      "form": "e713ca0a-1d76-4ec8-bb91-eca546e667fd",
      "environment": "HOSTED",
      "authType": "BASIC",
      "createdBy": "FLOW",
      "integrationScriptStepUuid": "0bc856cc-a769-4952-a061-50f4196bcf09"
    }
  ],
  "endpoints": [
    {
      "name": "Cherwell",
      "baseUrl": "https://my.cherwell.com",
      "type": "EXTERNAL",
      "authentication": "OAUTH2"
    }
  ],
  "constants": []
}