{
  "integrations": [
    {
      "id": "e3b5bd7b-26cf-42e1-9741-10abc311c452",
      "name": "Extra steps - Do Nothing Trigger",
      "action": "RUN_SCRIPT",
      "type": "INBOUND_WEBHOOK",
      "deployed": true,
      "form": "fdcc9bc4-eea6-4510-b07b-d6da844acaaf",
      "environment": "HOSTED",
      "authType": "URL",
      "createdBy": "FLOW",
      "integrationScriptStepUuid": "d35bc21f-b131-4f5d-aad9-bbd85d42a5fb"
    },
    {
      "id": "7b67791d-e518-4ff2-a012-c02dc5eb6297",
      "name": "Inbound from Cherwell",
      "action": "RUN_SCRIPT",
      "type": "INBOUND_WEBHOOK",
      "deployed": true,
      "form": "157659f4-d142-4e07-861f-0c0dd8294c53",
      "environment": "HOSTED",
      "authType": "BASIC",
      "createdBy": "FLOW",
      "integrationScriptStepUuid": "4b1bdf8a-0219-4a72-a72d-26dfe342b115"
    },
    {
      "id": "f6c3bea5-e6f7-4be3-9636-96264b93ec2e",
      "name": "Incident - Assigned Group - Assign to Me",
      "action": "RUN_SCRIPT",
      "type": "OUTBOUND_WEBHOOK",
      "triggeredBy": "RESPONSE",
      "responseChoice": "Assign to Me",
      "deployed": true,
      "form": "c11cb308-a99d-4b40-ab74-b53494054f0d",
      "environment": "HOSTED",
      "authType": "NONE",
      "createdBy": "FLOW"
    },
    {
      "id": "39e73097-0962-4ceb-bc03-74be3dcc60df",
      "name": "Incident - Assigned Group - Escalate",
      "action": "RUN_SCRIPT",
      "type": "OUTBOUND_WEBHOOK",
      "triggeredBy": "RESPONSE",
      "responseChoice": "Escalate",
      "deployed": true,
      "form": "c11cb308-a99d-4b40-ab74-b53494054f0d",
      "environment": "HOSTED",
      "authType": "NONE",
      "createdBy": "FLOW"
    },
    {
      "id": "3156cfe1-3a6b-4975-9f9f-ed5ca4c40e02",
      "name": "New Incident - Assignee - Accept",
      "action": "RUN_SCRIPT",
      "type": "OUTBOUND_WEBHOOK",
      "triggeredBy": "RESPONSE",
      "responseChoice": "Accept",
      "deployed": true,
      "form": "028764b1-c216-496e-8d98-163bca2aec41",
      "environment": "HOSTED",
      "authType": "NONE",
      "createdBy": "FLOW"
    },
    {
      "id": "9f4861e3-2012-4abb-a2fc-fc8f8e4d345d",
      "name": "New Incident - Assignee - Escalate",
      "action": "RUN_SCRIPT",
      "type": "OUTBOUND_WEBHOOK",
      "triggeredBy": "RESPONSE",
      "responseChoice": "Escalate",
      "deployed": true,
      "form": "028764b1-c216-496e-8d98-163bca2aec41",
      "environment": "HOSTED",
      "authType": "NONE",
      "createdBy": "FLOW"
    },
    {
      "id": "1eedb046-95ad-4fd6-83b3-387234a1b1d5",
      "name": "New Incident - Assignee - Event Status Updates",
      "action": "RUN_SCRIPT",
      "type": "OUTBOUND_WEBHOOK",
      "triggeredBy": "STATUS",
      "deployed": true,
      "form": "028764b1-c216-496e-8d98-163bca2aec41",
      "environment": "HOSTED",
      "authType": "NONE",
      "createdBy": "FLOW"
    },
    {
      "id": "f846c2cb-7a9e-49a8-a39f-ec8d9093a07c",
      "name": "New Incident - Group - Event Status Updates",
      "action": "RUN_SCRIPT",
      "type": "OUTBOUND_WEBHOOK",
      "triggeredBy": "STATUS",
      "deployed": true,
      "form": "c11cb308-a99d-4b40-ab74-b53494054f0d",
      "environment": "HOSTED",
      "authType": "NONE",
      "createdBy": "FLOW"
    },
    {
      "id": "3f2a136f-d880-4e6e-9a38-be5c716e4588",
      "name": "Terminate Events - Inbound from Cherwell - Terminate",
      "action": "RUN_SCRIPT",
      "type": "INBOUND_WEBHOOK",
      "deployed": true,
      "environment": "HOSTED",
      "authType": "BASIC",
      "createdBy": "FLOW",
      "integrationScriptStepUuid": "0bc856cc-a769-4952-a061-50f4196bcf09"
    },
    {
      "id": "d78b3862-4e51-41ac-9800-47c8e102ccf5",
      "name": "Terminate - Inbound from Cherwell - Terminate",
      "action": "RUN_SCRIPT",
      "type": "INBOUND_WEBHOOK",
      "deployed": true,
      "form": "fdfba660-5fc4-4da9-b6d9-69c8f514622e",
      "environment": "HOSTED",
      "authType": "BASIC",
      "createdBy": "FLOW",
      "integrationScriptStepUuid": "0bc856cc-a769-4952-a061-50f4196bcf09"
    }
  ],
  "endpoints": [
    {
      "name": "Cherwell",
      "baseUrl": "https://my.cherwell.com",
      "type": "EXTERNAL",
      "authentication": "OAUTH2"
    }
  ],
  "constants": [
    {
      "name": "Cherwell Host",
      "value": "https://my.cherwell.com",
      "description": "Protocol and host for the Cherwell server. Should NOT end in a /. Can use \"https\" or \"CherwellClient\""
    }
  ]
}