[
  {
    "id": "f56b8024-c2ef-49df-a7d5-a963d9f0ddef",
    "name": "Cherwell - Annotate Object",
    "description": "Create a new Journal entry in the target object",
    "icon": "https://s3-xmatters-static.s3.amazonaws.com/null/customers/c7ec6115-b3a8-4568-a32f-bd79a16602fe/IMAGE__20201009215835907__cherwell-symbol-logo.png",
    "script": "// Get the business object ID of journal note\njournalBusID = getJournalID();\n\nif (journalBusID === null) {\n  console.log('Error getting journal ID, exiting script.');\n  return;\n}\n\n// Get the business object ID of the parent\nparentBusID = getParentID(input[\"Parent Type Name\"]);\n\nif (parentBusID === null) {\n  console.log('Error getting parent ID, exiting script.');\n  return;\n}\n\n// Create journal template\nvar fieldNames = ['JournalTypeID', 'JournalTypeName', 'ParentTypeID', 'ParentRecID', 'Details'];\n\nvar template = getObjectTemplate(journalBusID, fieldNames);\n\n// Set template values\n\ntemplate.setValue('JournalTypeID', journalBusID, true);\ntemplate.setValue('JournalTypeName', 'Journal - Note', true);\ntemplate.setValue('ParentTypeID', input['Parent Type Name'], true);\ntemplate.setValue('ParentRecID', input['Parent Rec ID'], true);\ntemplate.setValue('Details', input['Details'], true);\n\n// template.fields\nvar payload = {\n  'busObId': journalBusID,\n  'busObRecId': '',\n  'busObPublicId': '',\n  'fields': template.fields\n};\n\n// Create annotation request\nvar annotateReq = http.request({\n  'endpoint': 'Cherwell',\n  'path': '/CherwellApi/api/V1/savebusinessobject',\n  'method': 'POST',\n  'headers': {\n    'Content-Type': 'application/json'\n  }\n});\n\n// Write annotation\nvar annotateResp = annotateReq.write(payload);\nif (annotateResp.statusCode < 200 || annotateResp.statusCode > 299) {\n  throw new Error('Error posting to Cherwell: ' + annotateResp.statusCode);\n}\n\n\n//---------------------------END OF MAIN FUNCTION-----------------------------------\n\n/**\n * Helper function to get the object ID of the journal\n * Returns the ID of the journal type, or null\n */\nfunction getJournalID() {\n    var journalReq = http.request({\n      'endpoint': 'Cherwell',\n      'path': '/CherwellApi/api/V1/getbusinessobjectsummary/busobname/Journal',\n      'method': 'GET'\n    });\n    \n    var journalResp = journalReq.write();\n    if (journalResp.statusCode != 200) {\n      console.log('ERROR: Could not retrieve JournalNote Object ID');\n      return null;\n    }\n    \n    var journalData = JSON.parse(journalResp.body)[0][\"groupSummaries\"];\n    for (var i in journalData) {\n        if (journalData[i][\"displayName\"] === input[\"Journal Type Name\"])\n            return journalData[i][\"busObId\"];\n    }\n\n}\n\n\n\n/**\n * Helper function to get the object ID of the parent\n * Returns the ID of the parent, or null\n */\nfunction getParentID(parentName) {\n    var parentReq = http.request({\n      'endpoint': 'Cherwell',\n      'path': '/CherwellApi/api/V1/getbusinessobjectsummary/busobname/' + parentName,\n      'method': 'GET'\n    });\n    \n    var parentResp = parentReq.write();\n    if (parentResp.statusCode != 200) {\n      console.log('ERROR: Could not retrieve Parent Object ID');\n      return null;\n    }\n    \n    var parentData = JSON.parse(parentResp.body)[0];\n    if (parentData[\"displayName\"] && parentData[\"displayName\"] === parentName)\n        return parentData[\"busObId\"];\n    else {\n        var childData = parentData[\"groupSummaries\"];\n        for (var i in childData) {\n            if (childData[i][\"displayName\"] === parentName)\n                return childData[i][\"busObId\"];\n        }\n    }\n\n}\n\n\n\n/**\n * getObjectTemplate - Gets the template, complete with the\n *   field Ids and such. It adds a helper function called \n *   setValue that will set the value of a field. Otherwise\n *   looping through and setting the field is a lot of code\n * \n *  objId - The Object ID to get the template for\n *  fieldNames - An array of field names to retrieve\n */\nfunction getObjectTemplate(objId, fieldNames) {\n    var templateReq = http.request({\n        'endpoint': 'Cherwell',\n        'path': '/CherwellApi/api/V1/getbusinessobjecttemplate',\n        'method': 'POST',\n        'headers': {\n            'Content-Type': 'application/json'\n        }\n    });\n    \n    var payload = {\n        'busObId': objId,\n        'includeRequired': false,\n        'includeAll': false,\n        'fieldNames': fieldNames\n    };\n    \n    var templateResp = templateReq.write(payload);\n    var templateData = JSON.parse(templateResp.body);\n    \n    \n    // Build template\n    var template = {};\n    template.fields = templateData.fields;\n    \n    // This is a helper function for setting the value of \n    // a field. The \"dirty\" element isn't documented, but\n    // seems to allow for some kind of escaping. \n    template.setValue = function (name, value, dirty) { \n        dirty = (dirty === null ? true : dirty);    \n        for (i in this.fields) {\n            if (this.fields[i].name === name) {\n                this.fields[i].value = value;\n                this.fields[i].dirty = dirty;\n                return;\n            }\n        }\n    };\n    return template;\n}",
    "endpointAuthType": "OAUTH2",
    "endpointLabel": "Cherwell",
    "allowedEnvironment": "BOTH",
    "accessibleByAll": "NotShared",
    "scriptStepType": "USER",
    "inputs": [
      {
        "id": "e0f91d76-981a-466e-a797-4e169a58814e",
        "name": "Parent Rec ID",
        "helpText": "RecID of the parent to annotate",
        "defaultValue": "",
        "multiline": false,
        "required": true,
        "validationRegex": "",
        "maxLength": 200,
        "minLength": 0,
        "position": 0
      },
      {
        "id": "4da57c2e-d04e-4a9e-a890-3f529ef228a7",
        "name": "Parent Type Name",
        "helpText": "Name of parent table type",
        "defaultValue": "Incident",
        "multiline": false,
        "required": true,
        "validationRegex": "",
        "maxLength": 2000,
        "minLength": 0,
        "position": 1
      },
      {
        "id": "39192f0c-4d55-4fa7-a6de-47006e57837c",
        "name": "Details",
        "helpText": "Annotation to add to parent",
        "defaultValue": "",
        "multiline": false,
        "required": true,
        "validationRegex": "",
        "maxLength": 2000,
        "minLength": 0,
        "position": 2
      },
      {
        "id": "4edc5667-3f25-4742-8355-f69bb49ef37b",
        "name": "Journal Type Name",
        "helpText": "Type of journal annotation to add",
        "defaultValue": "Journal - Note",
        "multiline": false,
        "required": true,
        "validationRegex": "",
        "maxLength": 2000,
        "minLength": 0,
        "position": 3
      }
    ],
    "outputs": [],
    "libraries": []
  },
  {
    "id": "971e6857-a71c-42ad-a1dd-92103d30872f",
    "name": "Cherwell - Update Incident",
    "description": "Update an Incident record. For other business objects, copy this step and modify.",
    "icon": "https://s3-xmatters-static.s3.amazonaws.com/null/customers/c7ec6115-b3a8-4568-a32f-bd79a16602fe/IMAGE__20201009215835907__cherwell-symbol-logo.png",
    "script": "\n\nvar objectID   = input['Object ID'];\nvar recordID   = input['Record ID'];\nvar incidentID = input['Incident ID'];\n\nvar assignedTeam = input['Assigned Team'];\nvar userFullName = input['Assigned To'];\nvar status       = input['Status'];\n\n  // The field Incident.Owned By must be filled in before the Incident state can be changed to In Progress.\n  var fieldMap = [\n    { 'name': 'AssignedTo', 'value': userFullName, 'dirty': true },\n    { 'name': 'AssignedTeam', 'value': assignedTeam, 'dirty': true }\n  ];\n\n  // recipient must be a valid Cherwell ID\n  // Update incident\n  sendUpdateBusObj(\n    objectID,\n    recordID,\n    incidentID,\n    fieldMap\n  );\n\n  // Update the incident state\n  sendUpdateBusObj(\n    objectID,\n    recordID,\n    incidentID,\n    [{ 'name': 'Status', 'value': status, 'dirty': true }]\n  );\n\n\n\n/*\n * sendUpdateBusObj - Update the business object with the field names and values passed in. \n *\n * incidentObjId - The Incident Object ID. Passed from the event\n * incidentRecId - The Incident Record ID. Passed from the event\n * incidentPubId - The Public ID of the incident. Passed from the event\n * fieldMap - The name/value pairs of fields to update in the incident. Note that the names in\n *   this map should be the actual field name, NOT the displayName. \n *\n */\nfunction sendUpdateBusObj(objId, recId, pubId, fieldMap) {\n  // Since fieldMap is an array of objects but the template needs the names,\n  // we extract out the names and stuff them into an array. This function\n  // just iterates over each element and returns the name and the whole\n  // thing returns an array of the names. \n  var fieldNames = fieldMap.map(function (item) { return item.name });\n\n  // Go get the Object Template from Cherwell. This way we don't have \n  // to care about the field Ids. \n  var template = getObjectTemplate(objId, fieldNames);\n  // Set the values based on the map that gets passed in. \n  for (i in fieldMap) {\n    template.setValue(fieldMap[i].name, fieldMap[i].value, fieldMap[i].dirty);\n  }\n  console.log('TEMPLATE: ' + JSON.stringify(template));\n  // template.fields\n  var payload = {\n    'busObId': objId,\n    'busObRecId': recId,\n    'busObPublicId': pubId,\n    'fields': template.fields\n  };\n\n  var req = http.request({\n    'endpoint': 'Cherwell',\n    'path': '/CherwellApi/api/V1/savebusinessobject',\n    'method': 'POST',\n    'headers': {\n      'Content-Type': 'application/json'\n    }\n  });\n\n  var response = req.write(payload);\n  if (!isValidStatusCode(response.statusCode)) {\n    throw new Error('Error posting to Cherwell: ' + response.statusCode);\n  }\n}\n\n\n/* \n * getObjectTemplate - Gets the template, complete with the\n *   field Ids and such. It adds a helper function called \n *   setValue that will set the value of a field. Otherwise\n *   looping through and setting the field is a lot of code\n * \n *  objId - The Object ID to get the template for\n *  fieldNames - An array of field names to retrieve\n */\nfunction getObjectTemplate(objId, fieldNames) {\n  var req = http.request({\n    'endpoint': 'Cherwell',\n    'path': '/CherwellApi/api/V1/getbusinessobjecttemplate',\n    'method': 'POST',\n    'headers': {\n      'Content-Type': 'application/json'\n    }\n  });\n\n  var payload = {\n    'busObId': objId,\n    'includeRequired': false,\n    'includeAll': false,\n    'fieldNames': fieldNames\n  };\n\n  var temp = req.write(payload);\n  var resp = JSON.parse(temp.body);\n\n  var template = {};\n  template.fields = resp.fields;\n\n  // This is a helper function for setting the value of \n  // a field. The \"dirty\" element isn't documented, but\n  // seems to allow for some kind of escaping. \n  template.setValue = function (name, value, dirty) {\n\n    dirty = (dirty === null ? true : dirty);\n\n    for (var i in this.fields) {\n      if (this.fields[i].name === name) {\n        this.fields[i].value = value;\n        this.fields[i].dirty = dirty;\n        return;\n      }\n    }\n  };\n  return template;\n}\n\n\n\n\n\n/**\n * Determine if an HTTP status code represents success\n *\n * @param {number} statusCode from an HTTP request\n * @returns {boolean} true if successful; false otherwise\n */\nfunction isValidStatusCode(statusCode) {\n  return statusCode >= 200 && statusCode <= 299;\n}\n",
    "endpointAuthType": "OAUTH2",
    "endpointLabel": "Cherwell",
    "allowedEnvironment": "BOTH",
    "accessibleByAll": "NotShared",
    "scriptStepType": "USER",
    "inputs": [
      {
        "id": "cae99fe8-6d19-4317-a9cd-b4ca8f54b489",
        "name": "Object ID",
        "helpText": "The Type or Business Object ID of the object to update.",
        "defaultValue": "",
        "multiline": false,
        "required": true,
        "validationRegex": "",
        "maxLength": 200,
        "minLength": 0,
        "position": 0
      },
      {
        "id": "ff87cbbd-118f-42a4-9002-a78fc6a1b5b5",
        "name": "Record ID",
        "helpText": "The Record ID of the Incident to update.",
        "defaultValue": "",
        "multiline": false,
        "required": true,
        "validationRegex": "",
        "maxLength": 2000,
        "minLength": 0,
        "position": 1
      },
      {
        "id": "030f0a58-a1ab-4821-a6db-bf3d19946cb3",
        "name": "Incident ID",
        "helpText": "The public Incident ID",
        "defaultValue": "",
        "multiline": false,
        "required": true,
        "validationRegex": "",
        "maxLength": 2000,
        "minLength": 0,
        "position": 2
      },
      {
        "id": "132ba285-7e75-45a1-99fd-2d31eaf15b29",
        "name": "Assigned Team",
        "helpText": "The Team to assign the Incident to",
        "defaultValue": "",
        "multiline": false,
        "required": true,
        "validationRegex": "",
        "maxLength": 2000,
        "minLength": 0,
        "position": 3
      },
      {
        "id": "3af5d257-4947-4fd9-a46e-1359f30376a6",
        "name": "Assigned To",
        "helpText": "The full name of the user to assign to",
        "defaultValue": "",
        "multiline": false,
        "required": false,
        "maxLength": 2000,
        "minLength": 0,
        "position": 4
      },
      {
        "id": "66a6fd7c-339a-4864-b728-d5b68fea00cd",
        "name": "Status",
        "helpText": "The Status to change the Incident to.",
        "defaultValue": "In Progress",
        "multiline": false,
        "required": false,
        "maxLength": 2000,
        "minLength": 0,
        "position": 5
      }
    ],
    "outputs": [],
    "libraries": []
  },
  {
    "id": "db09056f-d954-403f-aefb-4e9591967fdc",
    "name": "Inbound from Cherwell",
    "description": "Receive and parse the request from Cherwell.",
    "icon": "https://s3-xmatters-static.s3.amazonaws.com/null/customers/c7ec6115-b3a8-4568-a32f-bd79a16602fe/IMAGE__20201009215835907__cherwell-symbol-logo.png",
    "script": "\nconsole.log( 'Parms:\\n' + JSON.stringify( request.parameters ) );\nconsole.log( 'Body:\\n' + JSON.stringify( request.body ) );\n\n// Get incident data from query string parameters\nvar data = request.parameters;\nObject.assign( output, request.parameters );\n\n\nconsole.log( 'Assigned To: ' + data[ 'Assigned To' ] );\nconsole.log( 'Assigned Team: ' + data[ 'Assigned Team' ] );\n\nvar target      = null;\nvar isGroup     = \"NO\";   \nvar triggerRule = null;\n\n// If ownedBy is populated, then we'll \n// target them. But they might not have an xM ID,\n// so we check for that and if not available, set\n// to the ownedBy field\nif( data[ 'Assigned To' ] !== undefined ) {\n    target = data[ 'Assigned To' ];\n    \n    // If this user doesn't exist, then target\n    // the form default\n    // if( !checkExists( 'people', target ) ) {\n    //     console.log( 'User \"' + target + '\" does not exist. Setting to form default' );\n    //     target = null;\n    // }\n    triggerRule = 'Assigned to User';\n    // trigger.responses = [ responseMap['Accept'] ];\n    isGroup = \"NO\";\n}\nelse {\n   target = data[ 'Assigned Team' ];\n   \n//   if( !checkExists( 'groups', target ) ) {\n//       console.log( 'Group \"' + target + '\" does not exist. Setting to form default' );\n//       target = null;\n//   }\n   triggerRule = 'Assigned to Group';\n//   trigger.responses = [ responseMap['Assign to Me'], responseMap['Escalate'] ];\n    isGroup = \"YES\";\n}\n\n\noutput['triggerRule'] = triggerRule;\noutput['targetName']  = target;\noutput['targetIsGroup'] = isGroup;\n\n",
    "allowedEnvironment": "HOSTED",
    "accessibleByAll": "NotShared",
    "triggerAuthType": "BASIC_AUTH",
    "scriptStepType": "CUSTOM_HTTP",
    "inputs": [],
    "outputs": [
      {
        "id": "25cb53bf-5c53-425e-ada2-4d8a94bd8869",
        "name": "Incident ID",
        "description": "",
        "position": 0
      },
      {
        "id": "f9fcd226-c648-4804-86e6-e036116393c9",
        "name": "Description",
        "description": "",
        "position": 1
      },
      {
        "id": "c4f2ec95-23b3-4d0a-989c-1474b41f71c5",
        "name": "Status",
        "description": "",
        "position": 2
      },
      {
        "id": "68a3907d-f15b-4dba-88be-23ca40a6a5f5",
        "name": "Priority",
        "description": "",
        "position": 3
      },
      {
        "id": "feb41d58-3cf1-4eb5-a354-fc5681eaa4ef",
        "name": "Assigned Team",
        "description": "",
        "position": 4
      },
      {
        "id": "2c5ff5f2-c2da-4838-990d-25bda9c64e60",
        "name": "Assigned To",
        "description": "",
        "position": 5
      },
      {
        "id": "4c3c4d8a-6b84-40d2-a4ab-f69ed22e7b20",
        "name": "Type ID",
        "description": "",
        "position": 6
      },
      {
        "id": "932f479b-89ca-4d1e-aca3-b0ed116f273c",
        "name": "RecID",
        "description": "",
        "position": 7
      },
      {
        "id": "80bfd0f9-2662-4ba4-b644-6edc8eead8fc",
        "name": "targetName",
        "description": "",
        "position": 8
      },
      {
        "id": "bb8bd9d3-91e6-4518-b686-a4290d5fcee7",
        "name": "targetIsGroup",
        "description": "",
        "position": 9
      },
      {
        "id": "f76a6421-c5dd-4103-a31e-d47a639d46a8",
        "name": "triggerRule",
        "description": "",
        "position": 10
      }
    ],
    "libraries": []
  },
  {
    "id": "586fa18d-b679-4348-9fa6-f13433d93388",
    "name": "Inbound from Cherwell - Terminate",
    "description": "Terminate events with the incoming Incident ID",
    "icon": "https://s3-xmatters-static.s3.amazonaws.com/null/customers/c7ec6115-b3a8-4568-a32f-bd79a16602fe/IMAGE__20201009215835907__cherwell-symbol-logo.png",
    "script": "var data = request.parameters;\n\noutput['Incident ID'] = data['Incident ID'];\n\n",
    "allowedEnvironment": "HOSTED",
    "accessibleByAll": "NotShared",
    "triggerAuthType": "BASIC_AUTH",
    "scriptStepType": "CUSTOM_HTTP",
    "inputs": [],
    "outputs": [
      {
        "id": "a1a9cba9-a325-4f7b-ad73-c77cd70e973c",
        "name": "Incident ID",
        "position": 0
      }
    ],
    "libraries": []
  },
  {
    "id": "c3eb4585-2e07-4105-8792-0ea5fc2f668f",
    "name": "xMatters - Get Person by Full Name",
    "description": "Get a single xMatters User based on the provided full name.",
    "icon": "/static/images/icons/find-user.svg",
    "script": "\nvar fullName   = input['fullName' ];\n\nvar firstName = fullName.slice(0, fullName.indexOf( ' ' ) );\nvar lastName  = fullName.slice(fullName.indexOf( ' ' ) + 1 );\n\noutput['found'] = 'false';\n\npath = '?firstName=' + encodeURIComponent( firstName ) + '&lastName=' + encodeURIComponent( lastName );\n\nvar getUserRequest = http.request({\n  endpoint: 'xMatters',\n  method: 'GET',\n  path: '/api/xm/1/people/' + path\n});\n\nvar response = getUserRequest.write();\nvar respBody;\nvar cannotParseMsg = 'Unable to parse response body: ';\n\nif (response.statusCode >= 200 && response.statusCode < 300) {\n  try {\n    respBody = JSON.parse(response.body);\n  } catch (e) {\n    throw new Error(cannotParseMsg + response.body);\n  }\n  if (respBody) {\n\n    var data = respBody.data[0];\n    output['found'] = 'true';\n    output['firstName']      = data.firstName;\n    output['lastName']       = data.lastName;\n    output['language']       = data.language;\n    output['phoneLogin']     = data.phoneLogin;\n    output['timezone']       = data.timezone;\n    output['webLogin']       = data.webLogin;\n    output['propertiesJSON'] = data.properties;\n    output['targetName']     = data.targetName;\n    \n  }\n} else {\n  var error;\n  var parseableRespBody = true;\n  output['found'] = 'false';\n  \n  try {\n    respBody = JSON.parse( response.body );\n    error = respBody.message;\n  } catch (e) {\n    parseableRespBody = false;\n    error = cannotParseMsg + response.body;\n  }\n//   throw new Error(\n//     'Failed to retrieve a unique user based on the search criteria. '\n//     + (parseableRespBody ? 'xMatters API returned ' : '')\n//     + '[' + response.statusCode + '] '\n//     + (parseableRespBody ? 'and the following message: ' : '')\n//     + error\n//   );\n}\n  ",
    "endpointAuthType": "XMATTERS",
    "endpointLabel": "xMatters",
    "allowedEnvironment": "HOSTED",
    "accessibleByAll": "NotShared",
    "scriptStepType": "USER",
    "inputs": [
      {
        "id": "fa729c90-903f-4029-8569-09a6482f58da",
        "name": "fullName",
        "helpText": "The full name to be split based on the first space to use as search criteria.",
        "defaultValue": "",
        "multiline": false,
        "required": true,
        "maxLength": 2000,
        "minLength": 0,
        "position": 0
      }
    ],
    "outputs": [
      {
        "id": "4cedcbd4-e63b-42c7-87ea-f6bd8ffe6e85",
        "name": "firstName",
        "description": "ID of the first xMatters user that matches the search criteria.",
        "position": 0
      },
      {
        "id": "0fb21ccf-7631-4f4a-8300-6ce81ac90673",
        "name": "lastName",
        "description": "Target name of the first xMatters user that matches the search criteria.",
        "position": 1
      },
      {
        "id": "0da6594b-f572-41f0-b989-902a95e27c1b",
        "name": "language",
        "description": "Total number of matching users found.",
        "position": 2
      },
      {
        "id": "b507b80e-bc51-4996-98c3-8b56a0823ebb",
        "name": "phoneLogin",
        "description": "",
        "position": 3
      },
      {
        "id": "752c0897-7a84-49b1-93b9-691ffe69b238",
        "name": "propertiesJSON",
        "description": "",
        "position": 4
      },
      {
        "id": "a0d134fd-fdc7-46c5-9d2a-f1f5c774271d",
        "name": "timezone",
        "description": "",
        "position": 5
      },
      {
        "id": "bc2e9e6f-b87e-43a5-a4fe-69e211a4fdf5",
        "name": "webLogin",
        "description": "",
        "position": 6
      },
      {
        "id": "ba6b991a-a628-4a9c-9d1a-ae3f8f84bc37",
        "name": "targetName",
        "description": "",
        "position": 7
      },
      {
        "id": "82fd8e02-a373-4e66-871e-482bbeb2e2fb",
        "name": "found",
        "position": 8
      }
    ],
    "libraries": []
  }
]