[
  {
    "id": "4026a7e4-bb48-4da4-a06f-9596c3325ff3",
    "name": "Cherwell - Annotate Object",
    "description": "Create a new Journal entry in the target object",
    "icon": "https://s3-xmatters-static.s3.amazonaws.com/null/customers/c7ec6115-b3a8-4568-a32f-bd79a16602fe/IMAGE__20201009215835907__cherwell-symbol-logo.png",
    "script": "// Get the business object ID of journal note\njournalBusID = getJournalID();\n\nif (journalBusID === null) {\n  console.log('Error getting journal ID, exiting script.');\n  return;\n}\n\n// Get the business object ID of the parent\nparentBusID = getParentID(input[\"Parent Type Name\"]);\n\nif (parentBusID === null) {\n  console.log('Error getting parent ID, exiting script.');\n  return;\n}\n\n// Create journal template\nvar fieldNames = ['JournalTypeID', 'JournalTypeName', 'ParentTypeID', 'ParentRecID', 'Details'];\n\nvar template = getObjectTemplate(journalBusID, fieldNames);\n\n// Set template values\n\ntemplate.setValue('JournalTypeID', journalBusID, true);\ntemplate.setValue('JournalTypeName', 'Journal - Note', true);\ntemplate.setValue('ParentTypeID', input['Parent Type Name'], true);\ntemplate.setValue('ParentRecID', input['Parent Rec ID'], true);\ntemplate.setValue('Details', input['Details'], true);\n\n// template.fields\nvar payload = {\n  'busObId': journalBusID,\n  'busObRecId': '',\n  'busObPublicId': '',\n  'fields': template.fields\n};\n\n// Create annotation request\nvar annotateReq = http.request({\n  'endpoint': 'Cherwell',\n  'path': '/CherwellApi/api/V1/savebusinessobject',\n  'method': 'POST',\n  'headers': {\n    'Content-Type': 'application/json'\n  }\n});\n\n// Write annotation\nvar annotateResp = annotateReq.write(payload);\nif (annotateResp.statusCode < 200 || annotateResp.statusCode > 299) {\n  throw new Error('Error posting to Cherwell: ' + annotateResp.statusCode);\n}\n\n\n//---------------------------END OF MAIN FUNCTION-----------------------------------\n\n/**\n * Helper function to get the object ID of the journal\n * Returns the ID of the journal type, or null\n */\nfunction getJournalID() {\n    var journalReq = http.request({\n      'endpoint': 'Cherwell',\n      'path': '/CherwellApi/api/V1/getbusinessobjectsummary/busobname/Journal',\n      'method': 'GET'\n    });\n    \n    var journalResp = journalReq.write();\n    if (journalResp.statusCode != 200) {\n      console.log('ERROR: Could not retrieve JournalNote Object ID');\n      return null;\n    }\n    \n    var journalData = JSON.parse(journalResp.body)[0][\"groupSummaries\"];\n    for (var i in journalData) {\n        if (journalData[i][\"displayName\"] === input[\"Journal Type Name\"])\n            return journalData[i][\"busObId\"];\n    }\n\n}\n\n\n\n/**\n * Helper function to get the object ID of the parent\n * Returns the ID of the parent, or null\n */\nfunction getParentID(parentName) {\n    var parentReq = http.request({\n      'endpoint': 'Cherwell',\n      'path': '/CherwellApi/api/V1/getbusinessobjectsummary/busobname/' + parentName,\n      'method': 'GET'\n    });\n    \n    var parentResp = parentReq.write();\n    if (parentResp.statusCode != 200) {\n      console.log('ERROR: Could not retrieve Parent Object ID');\n      return null;\n    }\n    \n    var parentData = JSON.parse(parentResp.body)[0];\n    if (parentData[\"displayName\"] && parentData[\"displayName\"] === parentName)\n        return parentData[\"busObId\"];\n    else {\n        var childData = parentData[\"groupSummaries\"];\n        for (var i in childData) {\n            if (childData[i][\"displayName\"] === parentName)\n                return childData[i][\"busObId\"];\n        }\n    }\n\n}\n\n\n\n/**\n * getObjectTemplate - Gets the template, complete with the\n *   field Ids and such. It adds a helper function called \n *   setValue that will set the value of a field. Otherwise\n *   looping through and setting the field is a lot of code\n * \n *  objId - The Object ID to get the template for\n *  fieldNames - An array of field names to retrieve\n */\nfunction getObjectTemplate(objId, fieldNames) {\n    var templateReq = http.request({\n        'endpoint': 'Cherwell',\n        'path': '/CherwellApi/api/V1/getbusinessobjecttemplate',\n        'method': 'POST',\n        'headers': {\n            'Content-Type': 'application/json'\n        }\n    });\n    \n    var payload = {\n        'busObId': objId,\n        'includeRequired': false,\n        'includeAll': false,\n        'fieldNames': fieldNames\n    };\n    \n    var templateResp = templateReq.write(payload);\n    var templateData = JSON.parse(templateResp.body);\n    \n    \n    // Build template\n    var template = {};\n    template.fields = templateData.fields;\n    \n    // This is a helper function for setting the value of \n    // a field. The \"dirty\" element isn't documented, but\n    // seems to allow for some kind of escaping. \n    template.setValue = function (name, value, dirty) { \n        dirty = (dirty === null ? true : dirty);    \n        for (i in this.fields) {\n            if (this.fields[i].name === name) {\n                this.fields[i].value = value;\n                this.fields[i].dirty = dirty;\n                return;\n            }\n        }\n    };\n    return template;\n}",
    "endpointAuthType": "OAUTH2",
    "endpointLabel": "Cherwell",
    "allowedEnvironment": "BOTH",
    "accessibleByAll": "NotShared",
    "scriptStepType": "USER",
    "inputs": [
      {
        "id": "1317ef87-7f17-4f55-9b82-e494c204ccc7",
        "name": "Parent Rec ID",
        "helpText": "RecID of the parent to annotate",
        "defaultValue": "",
        "multiline": false,
        "required": true,
        "validationRegex": "",
        "maxLength": 200,
        "minLength": 0,
        "position": 0
      },
      {
        "id": "9a3f97b5-7524-4db5-928b-0f527b01da0a",
        "name": "Parent Type Name",
        "helpText": "Name of parent table type",
        "defaultValue": "Incident",
        "multiline": false,
        "required": true,
        "validationRegex": "",
        "maxLength": 2000,
        "minLength": 0,
        "position": 1
      },
      {
        "id": "0964b4f5-c95b-44a4-81ce-9f742043b433",
        "name": "Details",
        "helpText": "Annotation to add to parent",
        "defaultValue": "",
        "multiline": false,
        "required": true,
        "validationRegex": "",
        "maxLength": 2000,
        "minLength": 0,
        "position": 2
      },
      {
        "id": "a126029e-7c1b-4560-b526-39b4016ea81f",
        "name": "Journal Type Name",
        "helpText": "Type of journal annotation to add",
        "defaultValue": "Journal - Note",
        "multiline": false,
        "required": true,
        "validationRegex": "",
        "maxLength": 2000,
        "minLength": 0,
        "position": 3
      }
    ],
    "outputs": [],
    "libraries": []
  },
  {
    "id": "4eea3e41-87d3-48b3-8fba-46b2443f51ab",
    "name": "Cherwell - Create Incident",
    "description": "Create a new Incident.",
    "icon": "https://s3-xmatters-static.s3.amazonaws.com/null/customers/99cee7bb-651f-4a52-b7fe-3a9af00d22f9/IMAGE__20201013165158423__cherwell-symbol-logo.png",
    "script": "// Get incident summary and incident object ID\nvar incidentReq = http.request({\n  'endpoint': 'Cherwell',\n  'path': '/CherwellApi/api/V1/getbusinessobjectsummary/busobname/Incident',\n  'method': 'GET'\n});\n\nvar incidentResp = incidentReq.write();\n\nif (incidentResp.statusCode != 200) {\n  console.log('ERROR: Could not retrieve Incident Object ID');\n  return null;\n}\n\nvar incidentData = JSON.parse(incidentResp.body)[0];\nvar incidentObID = incidentData[\"busObId\"];\n\n\n// Get template for new incident fields\nvar fieldDisplayNames = [\"Description\", \"Assigned Team\", \"Call Source\",\n\"Created By ID\", \"Priority\", \"Customer Display Name\", \"Service\",\n\"Category\", \"Subcategory\"];\n\nvar template = getObjectTemplate(incidentObID, fieldDisplayNames);\n\nvar fieldNames = [\"Description\", \"AssignedTeam\", \"CallSource\", \n\"CreatedByID\", \"Priority\", \"CustomerDisplayName\", \"Service\", \n\"Category\", \"Subcategory\"];\n\n\n// fill in fields\nfor (var i in fieldDisplayNames) {\n    if (input[fieldDisplayNames[i]]) \n        template.setValue(fieldNames[i], input[fieldDisplayNames[i]], true);\n}\n\n// take out fields not entered as inputs\ntemplate.fields = template.fields.filter(function(value, index, arr) {\n    return input[fieldDisplayNames[index]];\n});\n\n// Create incident request\n\nvar payload = {\n  'busObId': incidentObID,\n  'busObRecId': '',\n  'busObPublicId': '',\n  'fields': template.fields\n};\n\nvar createIncidentRequest = http.request({\n    'endpoint': 'Cherwell',\n    'method': 'POST',\n    'path': 'CherwellAPI/api/V1/savebusinessobject',\n    'headers': {\n        'Content-Type': 'application/json'\n    }\n});\n\n// Create Incident\nvar createIncidentResponse = createIncidentRequest.write( payload );\nif (createIncidentResponse.statusCode < 200 || createIncidentResponse.statusCode > 299) {\n  throw new Error('Error posting to Cherwell: ' + createIncidentResponse.statusCode);\n}\n\nvar body = JSON.parse( createIncidentResponse.body );\noutput[\"Incident ID\"]     = body[\"busObPublicId\"];\noutput[\"Incident Rec ID\"] = body[\"busObRecId\"];\n\n//-------------------------END OF MAIN FUNCTION-------------------------------------\n\n/**\n * Helper function to get the object template\n * \n * Inputs\n * objId: object id for which to get the template, in this case incident object id\n * fieldNames: fields to request a template for\n * \n * Outputs\n * template: has template for fields and setValue method to set their values\n **/\nfunction getObjectTemplate(objId, fieldNames) {\n    var req = http.request({\n        'endpoint': 'Cherwell',\n        'path': '/CherwellApi/api/V1/getbusinessobjecttemplate',\n        'method': 'POST',\n        'headers': {\n          'Content-Type': 'application/json'\n        }\n    })  \n    var payload = {\n        'busObId': objId,\n        'includeRequired': false,\n        'includeAll': false,\n        'fieldNames': fieldNames\n    }   \n    var temp = req.write(payload);\n    var resp = JSON.parse(temp.body)    \n    var template = {};\n    template.fields = resp.fields   \n    // This is a helper function for setting the value of \n    // a field. The \"dirty\" element isn't documented, but\n    // seems to allow for some kind of escaping. \n    template.setValue = function (name, value, dirty) {\n        dirty = (dirty === null ? true : dirty)   \n        for (i in this.fields) {\n            if (this.fields[i].name === name) {\n                this.fields[i].value = value;\n                this.fields[i].dirty = dirty;\n                return;\n            }\n        }\n    };\n    return template;\n}\n",
    "endpointAuthType": "OAUTH2",
    "endpointLabel": "Cherwell",
    "allowedEnvironment": "BOTH",
    "accessibleByAll": "CanEdit",
    "scriptStepType": "USER",
    "inputs": [
      {
        "id": "db2f16bc-cb9b-4d8c-8795-8cb25da1353b",
        "name": "Description",
        "helpText": "Long description for the incident",
        "defaultValue": "",
        "multiline": true,
        "required": true,
        "validationRegex": "",
        "maxLength": 2000,
        "minLength": 0,
        "position": 0
      },
      {
        "id": "74ee57fb-494f-4859-b878-0e3d227a0dbe",
        "name": "Assigned Team",
        "helpText": "Name of team to direct incident towards",
        "defaultValue": "",
        "multiline": false,
        "required": true,
        "validationRegex": "",
        "maxLength": 100,
        "minLength": 0,
        "position": 1
      },
      {
        "id": "7f9b375a-bb6c-4ea6-bfb1-1b9604c8f0e3",
        "name": "Priority",
        "helpText": "Priority level for incident",
        "defaultValue": "",
        "multiline": false,
        "required": true,
        "validationRegex": "",
        "maxLength": 20,
        "minLength": 0,
        "position": 2
      },
      {
        "id": "ca8fb622-1e7d-4959-8bb6-fc07269c8a05",
        "name": "Customer Display Name",
        "helpText": "Name of customer the incident is in regards to",
        "defaultValue": "",
        "multiline": false,
        "required": true,
        "validationRegex": "",
        "maxLength": 2000,
        "minLength": 0,
        "position": 3
      },
      {
        "id": "3d0fe86f-3ef3-42cb-80e1-497204dc2f54",
        "name": "Service",
        "helpText": "Name of service for the incident",
        "defaultValue": "",
        "multiline": false,
        "required": true,
        "validationRegex": "",
        "maxLength": 2000,
        "minLength": 0,
        "position": 4
      },
      {
        "id": "9275212c-2970-4c4e-8fa0-1d1cc901e4ae",
        "name": "Category",
        "helpText": "Category for the incident to be under",
        "defaultValue": "",
        "multiline": false,
        "required": true,
        "validationRegex": "",
        "maxLength": 2000,
        "minLength": 0,
        "position": 5
      },
      {
        "id": "4b212452-43ac-4465-83d6-0bb989f72a85",
        "name": "Subcategory",
        "helpText": "Subcategory for the incident to be under",
        "defaultValue": "",
        "multiline": false,
        "required": true,
        "validationRegex": "",
        "maxLength": 2000,
        "minLength": 0,
        "position": 6
      },
      {
        "id": "2880a578-aace-4c38-a5bf-55d51d6c233c",
        "name": "Call Source",
        "helpText": "The value for the Call Source field.",
        "defaultValue": "",
        "multiline": false,
        "required": false,
        "validationRegex": "",
        "maxLength": 2000,
        "minLength": 0,
        "position": 7
      }
    ],
    "outputs": [
      {
        "id": "dd2f4c03-47eb-460c-814f-8dbd87cf1a53",
        "name": "Incident ID",
        "description": "",
        "position": 0
      },
      {
        "id": "0e0bfe4e-7618-4f19-b12a-cc0d08ac4ed7",
        "name": "Incident Rec ID",
        "description": "",
        "position": 1
      }
    ],
    "libraries": []
  },
  {
    "id": "bd426abb-1125-4ff9-b6ab-10fa9e376a30",
    "name": "Cherwell - Update Incident",
    "description": "Update an Incident record. For other business objects, copy this step and modify.",
    "icon": "https://s3-xmatters-static.s3.amazonaws.com/null/customers/c7ec6115-b3a8-4568-a32f-bd79a16602fe/IMAGE__20201009215835907__cherwell-symbol-logo.png",
    "script": "\n\nvar objectID   = input['Object ID'];\nvar recordID   = input['Record ID'];\nvar incidentID = input['Incident ID'];\n\nvar assignedTeam = input['Assigned Team'];\nvar userFullName = input['Assigned To'];\nvar status       = input['Status'];\n\n  // The field Incident.Owned By must be filled in before the Incident state can be changed to In Progress.\n  var fieldMap = [\n    { 'name': 'AssignedTo', 'value': userFullName, 'dirty': true },\n    { 'name': 'AssignedTeam', 'value': assignedTeam, 'dirty': true }\n  ];\n\n  // recipient must be a valid Cherwell ID\n  // Update incident\n  sendUpdateBusObj(\n    objectID,\n    recordID,\n    incidentID,\n    fieldMap\n  );\n\n  // Update the incident state\n  sendUpdateBusObj(\n    objectID,\n    recordID,\n    incidentID,\n    [{ 'name': 'Status', 'value': status, 'dirty': true }]\n  );\n\n\n\n/*\n * sendUpdateBusObj - Update the business object with the field names and values passed in. \n *\n * incidentObjId - The Incident Object ID. Passed from the event\n * incidentRecId - The Incident Record ID. Passed from the event\n * incidentPubId - The Public ID of the incident. Passed from the event\n * fieldMap - The name/value pairs of fields to update in the incident. Note that the names in\n *   this map should be the actual field name, NOT the displayName. \n *\n */\nfunction sendUpdateBusObj(objId, recId, pubId, fieldMap) {\n  // Since fieldMap is an array of objects but the template needs the names,\n  // we extract out the names and stuff them into an array. This function\n  // just iterates over each element and returns the name and the whole\n  // thing returns an array of the names. \n  var fieldNames = fieldMap.map(function (item) { return item.name });\n\n  // Go get the Object Template from Cherwell. This way we don't have \n  // to care about the field Ids. \n  var template = getObjectTemplate(objId, fieldNames);\n  // Set the values based on the map that gets passed in. \n  for (i in fieldMap) {\n    template.setValue(fieldMap[i].name, fieldMap[i].value, fieldMap[i].dirty);\n  }\n  console.log('TEMPLATE: ' + JSON.stringify(template));\n  // template.fields\n  var payload = {\n    'busObId': objId,\n    'busObRecId': recId,\n    'busObPublicId': pubId,\n    'fields': template.fields\n  };\n\n  var req = http.request({\n    'endpoint': 'Cherwell',\n    'path': '/CherwellApi/api/V1/savebusinessobject',\n    'method': 'POST',\n    'headers': {\n      'Content-Type': 'application/json'\n    }\n  });\n\n  var response = req.write(payload);\n  if (!isValidStatusCode(response.statusCode)) {\n    throw new Error('Error posting to Cherwell: ' + response.statusCode);\n  }\n}\n\n\n/* \n * getObjectTemplate - Gets the template, complete with the\n *   field Ids and such. It adds a helper function called \n *   setValue that will set the value of a field. Otherwise\n *   looping through and setting the field is a lot of code\n * \n *  objId - The Object ID to get the template for\n *  fieldNames - An array of field names to retrieve\n */\nfunction getObjectTemplate(objId, fieldNames) {\n  var req = http.request({\n    'endpoint': 'Cherwell',\n    'path': '/CherwellApi/api/V1/getbusinessobjecttemplate',\n    'method': 'POST',\n    'headers': {\n      'Content-Type': 'application/json'\n    }\n  });\n\n  var payload = {\n    'busObId': objId,\n    'includeRequired': false,\n    'includeAll': false,\n    'fieldNames': fieldNames\n  };\n\n  var temp = req.write(payload);\n  var resp = JSON.parse(temp.body);\n\n  var template = {};\n  template.fields = resp.fields;\n\n  // This is a helper function for setting the value of \n  // a field. The \"dirty\" element isn't documented, but\n  // seems to allow for some kind of escaping. \n  template.setValue = function (name, value, dirty) {\n\n    dirty = (dirty === null ? true : dirty);\n\n    for (var i in this.fields) {\n      if (this.fields[i].name === name) {\n        this.fields[i].value = value;\n        this.fields[i].dirty = dirty;\n        return;\n      }\n    }\n  };\n  return template;\n}\n\n\n\n\n\n/**\n * Determine if an HTTP status code represents success\n *\n * @param {number} statusCode from an HTTP request\n * @returns {boolean} true if successful; false otherwise\n */\nfunction isValidStatusCode(statusCode) {\n  return statusCode >= 200 && statusCode <= 299;\n}\n",
    "endpointAuthType": "OAUTH2",
    "endpointLabel": "Cherwell",
    "allowedEnvironment": "BOTH",
    "accessibleByAll": "NotShared",
    "scriptStepType": "USER",
    "inputs": [
      {
        "id": "ee4584a2-0410-4c93-bbcc-1d037847c655",
        "name": "Object ID",
        "helpText": "The Type or Business Object ID of the object to update.",
        "defaultValue": "",
        "multiline": false,
        "required": true,
        "validationRegex": "",
        "maxLength": 200,
        "minLength": 0,
        "position": 0
      },
      {
        "id": "16c15a11-dd70-4c84-9175-dc9c0c658b5c",
        "name": "Record ID",
        "helpText": "The Record ID of the Incident to update.",
        "defaultValue": "",
        "multiline": false,
        "required": true,
        "validationRegex": "",
        "maxLength": 2000,
        "minLength": 0,
        "position": 1
      },
      {
        "id": "875f5bc2-d452-4ba1-9c60-39635b27056c",
        "name": "Incident ID",
        "helpText": "The public Incident ID",
        "defaultValue": "",
        "multiline": false,
        "required": true,
        "validationRegex": "",
        "maxLength": 2000,
        "minLength": 0,
        "position": 2
      },
      {
        "id": "c3173665-bcdd-4951-8574-d253485f223d",
        "name": "Assigned Team",
        "helpText": "The Team to assign the Incident to",
        "defaultValue": "",
        "multiline": false,
        "required": true,
        "validationRegex": "",
        "maxLength": 2000,
        "minLength": 0,
        "position": 3
      },
      {
        "id": "5801caa5-e4ad-4163-ac5a-714ffa2299bb",
        "name": "Assigned To",
        "helpText": "The full name of the user to assign to",
        "defaultValue": "",
        "multiline": false,
        "required": false,
        "validationRegex": "",
        "maxLength": 2000,
        "minLength": 0,
        "position": 4
      },
      {
        "id": "3dba83b0-507f-4165-abec-c35ed99aec95",
        "name": "Status",
        "helpText": "The Status to change the Incident to.",
        "defaultValue": "In Progress",
        "multiline": false,
        "required": false,
        "validationRegex": "",
        "maxLength": 2000,
        "minLength": 0,
        "position": 5
      }
    ],
    "outputs": [],
    "libraries": []
  },
  {
    "id": "d35bc21f-b131-4f5d-aad9-bbd85d42a5fb",
    "name": "Do Nothing Trigger",
    "description": "Just triggers a flow",
    "icon": "/static/images/script_steps/http-trigger.png",
    "script": "//",
    "endpointLabel": "",
    "allowedEnvironment": "HOSTED",
    "accessibleByAll": "NotShared",
    "scriptStepType": "CUSTOM_HTTP",
    "inputs": [],
    "outputs": [
      {
        "id": "0c810e5f-3e7a-4717-85a4-d8bf661fa62c",
        "name": "Data",
        "description": "",
        "position": 0
      }
    ],
    "libraries": []
  },
  {
    "id": "4b1bdf8a-0219-4a72-a72d-26dfe342b115",
    "name": "Inbound from Cherwell",
    "description": "Receive and parse the request from Cherwell.",
    "icon": "https://s3-xmatters-static.s3.amazonaws.com/null/customers/c7ec6115-b3a8-4568-a32f-bd79a16602fe/IMAGE__20201009215835907__cherwell-symbol-logo.png",
    "script": "\nconsole.log( 'Parms:\\n' + JSON.stringify( request.parameters ) );\nconsole.log( 'Body:\\n' + JSON.stringify( request.body ) );\n\n// Get incident data from query string parameters\nvar data = request.parameters;\nObject.assign( output, request.parameters );\n\n\nconsole.log( 'Assigned To: ' + data[ 'Assigned To' ] );\nconsole.log( 'Assigned Team: ' + data[ 'Assigned Team' ] );\n\nvar target      = null;\nvar isGroup     = \"NO\";   \nvar triggerRule = null;\n\n// If ownedBy is populated, then we'll \n// target them. But they might not have an xM ID,\n// so we check for that and if not available, set\n// to the ownedBy field\nif( data[ 'Assigned To' ] !== undefined ) {\n    target = data[ 'Assigned To' ];\n    \n    // If this user doesn't exist, then target\n    // the form default\n    // if( !checkExists( 'people', target ) ) {\n    //     console.log( 'User \"' + target + '\" does not exist. Setting to form default' );\n    //     target = null;\n    // }\n    triggerRule = 'Assigned to User';\n    // trigger.responses = [ responseMap['Accept'] ];\n    isGroup = \"NO\";\n}\nelse {\n   target = data[ 'Assigned Team' ];\n   \n//   if( !checkExists( 'groups', target ) ) {\n//       console.log( 'Group \"' + target + '\" does not exist. Setting to form default' );\n//       target = null;\n//   }\n   triggerRule = 'Assigned to Group';\n//   trigger.responses = [ responseMap['Assign to Me'], responseMap['Escalate'] ];\n    isGroup = \"YES\";\n}\n\n\noutput['triggerRule'] = triggerRule;\noutput['targetName']  = target;\noutput['targetIsGroup'] = isGroup;\n\n",
    "endpointLabel": "",
    "allowedEnvironment": "HOSTED",
    "accessibleByAll": "NotShared",
    "triggerAuthType": "BASIC_AUTH",
    "scriptStepType": "CUSTOM_HTTP",
    "inputs": [],
    "outputs": [
      {
        "id": "d1a09784-bbc0-49c3-b24b-236daacd19e6",
        "name": "Incident ID",
        "description": "",
        "position": 0
      },
      {
        "id": "08248f77-e062-4310-9708-f18a51d79bcb",
        "name": "Description",
        "description": "",
        "position": 1
      },
      {
        "id": "f959f4f2-7ebd-4d01-b195-a4fb22241084",
        "name": "Status",
        "description": "",
        "position": 2
      },
      {
        "id": "6f10557b-61fc-4660-9c91-1d94178fc88a",
        "name": "Priority",
        "description": "",
        "position": 3
      },
      {
        "id": "08aff035-30bd-48bb-9364-6094e3b56814",
        "name": "Assigned Team",
        "description": "",
        "position": 4
      },
      {
        "id": "7dbbb0a9-db2b-47e9-af0f-2b257e3c4a79",
        "name": "Assigned To",
        "description": "",
        "position": 5
      },
      {
        "id": "da8a1457-119f-4da2-8dff-b59039cb88ab",
        "name": "Type ID",
        "description": "",
        "position": 6
      },
      {
        "id": "f66a64ad-0fac-4eba-b6fa-0c18688bc818",
        "name": "RecID",
        "description": "",
        "position": 7
      },
      {
        "id": "137fe826-610a-4eae-8256-f985bc7995cd",
        "name": "targetName",
        "description": "",
        "position": 8
      },
      {
        "id": "ef261d68-a43c-47da-9956-9ed2a7847e6f",
        "name": "targetIsGroup",
        "description": "",
        "position": 9
      },
      {
        "id": "0dcdd3ee-2931-41a3-a005-22390a7378d1",
        "name": "triggerRule",
        "description": "",
        "position": 10
      }
    ],
    "libraries": []
  },
  {
    "id": "0bc856cc-a769-4952-a061-50f4196bcf09",
    "name": "Inbound from Cherwell - Terminate",
    "description": "Terminate events with the incoming Incident ID",
    "icon": "https://s3-xmatters-static.s3.amazonaws.com/null/customers/c7ec6115-b3a8-4568-a32f-bd79a16602fe/IMAGE__20201009215835907__cherwell-symbol-logo.png",
    "script": "var data = request.parameters;\n\noutput['Incident ID'] = data['Incident ID'];\n\n",
    "endpointLabel": "",
    "allowedEnvironment": "HOSTED",
    "accessibleByAll": "NotShared",
    "triggerAuthType": "BASIC_AUTH",
    "scriptStepType": "CUSTOM_HTTP",
    "inputs": [],
    "outputs": [
      {
        "id": "5b5f23eb-0722-4fe7-868f-e3ac0d912931",
        "name": "Incident ID",
        "description": "",
        "position": 0
      }
    ],
    "libraries": []
  },
  {
    "id": "298b8129-fe1e-490b-9ff2-61ff0305801b",
    "name": "xMatters - Get Person by Full Name",
    "description": "Get a single xMatters User based on the provided full name.",
    "icon": "/static/images/icons/find-user.svg",
    "script": "\nvar fullName   = input['fullName' ];\n\nvar firstName = fullName.slice(0, fullName.indexOf( ' ' ) );\nvar lastName  = fullName.slice(fullName.indexOf( ' ' ) + 1 );\n\noutput['found'] = 'false';\n\npath = '?firstName=' + encodeURIComponent( firstName ) + '&lastName=' + encodeURIComponent( lastName );\n\nvar getUserRequest = http.request({\n  endpoint: 'xMatters',\n  method: 'GET',\n  path: '/api/xm/1/people/' + path\n});\n\nvar response = getUserRequest.write();\nvar respBody;\nvar cannotParseMsg = 'Unable to parse response body: ';\n\nif (response.statusCode >= 200 && response.statusCode < 300) {\n  try {\n    respBody = JSON.parse(response.body);\n  } catch (e) {\n    throw new Error(cannotParseMsg + response.body);\n  }\n  if (respBody) {\n\n    var data = respBody.data[0];\n    output['found'] = 'true';\n    output['firstName']      = data.firstName;\n    output['lastName']       = data.lastName;\n    output['language']       = data.language;\n    output['phoneLogin']     = data.phoneLogin;\n    output['timezone']       = data.timezone;\n    output['webLogin']       = data.webLogin;\n    output['propertiesJSON'] = data.properties;\n    output['targetName']     = data.targetName;\n    \n  }\n} else {\n  var error;\n  var parseableRespBody = true;\n  output['found'] = 'false';\n  \n  try {\n    respBody = JSON.parse( response.body );\n    error = respBody.message;\n  } catch (e) {\n    parseableRespBody = false;\n    error = cannotParseMsg + response.body;\n  }\n//   throw new Error(\n//     'Failed to retrieve a unique user based on the search criteria. '\n//     + (parseableRespBody ? 'xMatters API returned ' : '')\n//     + '[' + response.statusCode + '] '\n//     + (parseableRespBody ? 'and the following message: ' : '')\n//     + error\n//   );\n}\n  ",
    "endpointAuthType": "XMATTERS",
    "endpointLabel": "xMatters",
    "allowedEnvironment": "HOSTED",
    "accessibleByAll": "NotShared",
    "scriptStepType": "USER",
    "inputs": [
      {
        "id": "6a02dc4d-3117-4ead-b788-910a88edfeec",
        "name": "fullName",
        "helpText": "The full name to be split based on the first space to use as search criteria.",
        "defaultValue": "",
        "multiline": false,
        "required": true,
        "validationRegex": "",
        "maxLength": 2000,
        "minLength": 0,
        "position": 0
      }
    ],
    "outputs": [
      {
        "id": "aec2f799-7294-4ad0-9faf-bd69c22a04c4",
        "name": "firstName",
        "description": "ID of the first xMatters user that matches the search criteria.",
        "position": 0
      },
      {
        "id": "546737b3-e826-40bf-b840-00f0aee609b2",
        "name": "lastName",
        "description": "Target name of the first xMatters user that matches the search criteria.",
        "position": 1
      },
      {
        "id": "5094ba3d-43fc-4bcc-928a-912d80715482",
        "name": "language",
        "description": "Total number of matching users found.",
        "position": 2
      },
      {
        "id": "89cb2988-cdc9-4a1e-a21f-e2e539d3446d",
        "name": "phoneLogin",
        "description": "",
        "position": 3
      },
      {
        "id": "de839817-7338-4503-a963-c49a5dc6b35d",
        "name": "propertiesJSON",
        "description": "",
        "position": 4
      },
      {
        "id": "db16927d-5b0f-44ac-85b3-0e021d92d0f4",
        "name": "timezone",
        "description": "",
        "position": 5
      },
      {
        "id": "d8e32acb-f76b-47f5-829e-d734ffdb6fd7",
        "name": "webLogin",
        "description": "",
        "position": 6
      },
      {
        "id": "6e42df99-2bf8-4297-8593-4008cc5d0464",
        "name": "targetName",
        "description": "",
        "position": 7
      },
      {
        "id": "b24e2925-275c-4501-b6b5-10595314dd45",
        "name": "found",
        "description": "",
        "position": 8
      }
    ],
    "libraries": []
  }
]