[
  {
    "baseType": 3,
    "name": "Assigned Team",
    "defaultValue": "",
    "description": "",
    "helpText": "",
    "isSystem": false,
    "minLength": 0,
    "maxLength": 200,
    "validationRegex": "",
    "isValidate": false,
    "uuid": "9631bf6c-b424-4b35-bf30-60c711417432"
  },
  {
    "baseType": 3,
    "name": "Assigned To",
    "defaultValue": "",
    "description": "",
    "helpText": "",
    "isSystem": false,
    "minLength": 0,
    "maxLength": 200,
    "validationRegex": "",
    "isValidate": false,
    "uuid": "4ca3b248-1585-4d8b-b4a9-2a3e7ca4a562"
  },
  {
    "baseType": 3,
    "name": "CherwellHost",
    "defaultValue": "",
    "description": "Server hostname for the Cherwell server",
    "helpText": "",
    "isSystem": false,
    "minLength": 0,
    "maxLength": 500,
    "validationRegex": "",
    "isValidate": false,
    "uuid": "02309d6e-9294-4437-bfb6-85e8b54079e1"
  },
  {
    "baseType": 3,
    "name": "Description",
    "defaultValue": "",
    "description": "",
    "helpText": "",
    "isSystem": false,
    "minLength": 0,
    "maxLength": 20000,
    "validationRegex": "",
    "isValidate": false,
    "uuid": "f8688d2c-c5a9-4493-8e99-d6a9c0e29b34"
  },
  {
    "baseType": 3,
    "name": "Incident ID",
    "defaultValue": "",
    "description": "",
    "helpText": "",
    "isSystem": false,
    "minLength": 0,
    "maxLength": 30,
    "validationRegex": "",
    "isValidate": false,
    "uuid": "b3657bae-c521-4767-9075-5f9f2f372f39"
  },
  {
    "baseType": 3,
    "name": "Priority",
    "defaultValue": "",
    "description": "",
    "helpText": "",
    "isSystem": false,
    "minLength": 0,
    "maxLength": 2000,
    "validationRegex": "",
    "isValidate": false,
    "uuid": "bb1e728f-3e25-45d9-997f-23f11fbd1178"
  },
  {
    "baseType": 3,
    "name": "RecID",
    "defaultValue": "",
    "description": "",
    "helpText": "",
    "isSystem": false,
    "minLength": 0,
    "maxLength": 50,
    "validationRegex": "",
    "isValidate": false,
    "uuid": "15badba4-2379-4bc9-a8e0-2c56037315d8"
  },
  {
    "baseType": 3,
    "name": "Status",
    "defaultValue": "",
    "description": "",
    "helpText": "",
    "isSystem": false,
    "minLength": 0,
    "maxLength": 2000,
    "validationRegex": "",
    "isValidate": false,
    "uuid": "b72e3f26-e7da-4930-9700-b607060f8af8"
  },
  {
    "baseType": 3,
    "name": "Type ID",
    "defaultValue": "",
    "description": "",
    "helpText": "",
    "isSystem": false,
    "minLength": 0,
    "maxLength": 50,
    "validationRegex": "",
    "isValidate": false,
    "uuid": "483d5a43-a340-4be5-8979-9902b0fc01bb"
  }
]